subject,label,raw_label,action_name_zh,global_window_index,order_within_action,repetition,source_start_sample,channel,spike_index,spike_time_seconds
1,0,1,食指屈曲,0,1,1,1323,1,1,0.053270496
1,0,1,食指屈曲,0,1,1,1323,1,2,0.076481331
1,0,1,食指屈曲,0,1,1,1323,1,3,0.088335568
1,0,1,食指屈曲,0,1,1,1323,1,4,0.099850411
1,0,1,食指屈曲,0,1,1,1323,1,5,0.113366105
1,0,1,食指屈曲,0,1,1,1323,1,6,0.127549669
1,0,1,食指屈曲,0,1,1,1323,1,7,0.140321975
1,0,1,食指屈曲,0,1,1,1323,1,8,0.149660324
1,0,1,食指屈曲,0,1,1,1323,1,9,0.158610816
1,0,1,食指屈曲,0,1,1,1323,1,10,0.168175578
1,0,1,食指屈曲,0,1,1,1323,1,11,0.176923402
1,0,1,食指屈曲,0,1,1,1323,1,12,0.184578704
1,0,1,食指屈曲,0,1,1,1323,1,13,0.191485213
1,0,1,食指屈曲,0,1,1,1323,1,14,0.198240096
1,0,1,食指屈曲,0,1,1,1323,2,1,0.066459016
1,0,1,食指屈曲,0,1,1,1323,2,2,0.098857777
1,0,1,食指屈曲,0,1,1,1323,2,3,0.136891537
1,0,1,食指屈曲,0,1,1,1323,2,4,0.161819830
1,0,1,食指屈曲,0,1,1,1323,2,5,0.177326661
1,0,1,食指屈曲,0,1,1,1323,2,6,0.195571508
1,0,1,食指屈曲,0,1,1,1323,3,1,0.067007960
1,0,1,食指屈曲,0,1,1,1323,3,2,0.092758896
1,0,1,食指屈曲,0,1,1,1323,3,3,0.126864609
1,0,1,食指屈曲,0,1,1,1323,3,4,0.142416385
1,0,1,食指屈曲,0,1,1,1323,3,5,0.164571717
1,0,1,食指屈曲,0,1,1,1323,3,6,0.189593240
1,0,1,食指屈曲,0,1,1,1323,4,1,0.062142925
1,0,1,食指屈曲,0,1,1,1323,4,2,0.088198149
1,0,1,食指屈曲,0,1,1,1323,4,3,0.102529748
1,0,1,食指屈曲,0,1,1,1323,4,4,0.116966685
1,0,1,食指屈曲,0,1,1,1323,4,5,0.129726696
1,0,1,食指屈曲,0,1,1,1323,4,6,0.143885706
1,0,1,食指屈曲,0,1,1,1323,4,7,0.157407873
1,0,1,食指屈曲,0,1,1,1323,4,8,0.169273707
1,0,1,食指屈曲,0,1,1,1323,4,9,0.177323364
1,0,1,食指屈曲,0,1,1,1323,4,10,0.186327096
1,0,1,食指屈曲,0,1,1,1323,4,11,0.196551372
1,0,1,食指屈曲,0,1,1,1323,5,1,0.046661060
1,0,1,食指屈曲,0,1,1,1323,5,2,0.064119666
1,0,1,食指屈曲,0,1,1,1323,5,3,0.076233611
1,0,1,食指屈曲,0,1,1,1323,5,4,0.086793192
1,0,1,食指屈曲,0,1,1,1323,5,5,0.097198788
1,0,1,食指屈曲,0,1,1,1323,5,6,0.107448861
1,0,1,食指屈曲,0,1,1,1323,5,7,0.116065095
1,0,1,食指屈曲,0,1,1,1323,5,8,0.125516693
1,0,1,食指屈曲,0,1,1,1323,5,9,0.135618480
1,0,1,食指屈曲,0,1,1,1323,5,10,0.144681619
1,0,1,食指屈曲,0,1,1,1323,5,11,0.152689540
1,0,1,食指屈曲,0,1,1,1323,5,12,0.160172880
1,0,1,食指屈曲,0,1,1,1323,5,13,0.167191058
1,0,1,食指屈曲,0,1,1,1323,5,14,0.175539113
1,0,1,食指屈曲,0,1,1,1323,5,15,0.183344772
1,0,1,食指屈曲,0,1,1,1323,5,16,0.190368757
1,0,1,食指屈曲,0,1,1,1323,5,17,0.196756553
1,0,1,食指屈曲,0,1,1,1323,6,1,0.045002958
1,0,1,食指屈曲,0,1,1,1323,6,2,0.061358116
1,0,1,食指屈曲,0,1,1,1323,6,3,0.073351964
1,0,1,食指屈曲,0,1,1,1323,6,4,0.089465023
1,0,1,食指屈曲,0,1,1,1323,6,5,0.099385139
1,0,1,食指屈曲,0,1,1,1323,6,6,0.109409486
1,0,1,食指屈曲,0,1,1,1323,6,7,0.119994453
1,0,1,食指屈曲,0,1,1,1323,6,8,0.129491036
1,0,1,食指屈曲,0,1,1,1323,6,9,0.140375826
1,0,1,食指屈曲,0,1,1,1323,6,10,0.149038059
1,0,1,食指屈曲,0,1,1,1323,6,11,0.156325594
1,0,1,食指屈曲,0,1,1,1323,6,12,0.162841873
1,0,1,食指屈曲,0,1,1,1323,6,13,0.169045908
1,0,1,食指屈曲,0,1,1,1323,6,14,0.175208459
1,0,1,食指屈曲,0,1,1,1323,6,15,0.181240787
1,0,1,食指屈曲,0,1,1,1323,6,16,0.187001023
1,0,1,食指屈曲,0,1,1,1323,6,17,0.192653980
1,0,1,食指屈曲,0,1,1,1323,6,18,0.198199264
1,0,1,食指屈曲,0,1,1,1323,7,1,0.051715542
1,0,1,食指屈曲,0,1,1,1323,7,2,0.069727374
1,0,1,食指屈曲,0,1,1,1323,7,3,0.080347327
1,0,1,食指屈曲,0,1,1,1323,7,4,0.089516138
1,0,1,食指屈曲,0,1,1,1323,7,5,0.098148830
1,0,1,食指屈曲,0,1,1,1323,7,6,0.107550402
1,0,1,食指屈曲,0,1,1,1323,7,7,0.116699112
1,0,1,食指屈曲,0,1,1,1323,7,8,0.126900709
1,0,1,食指屈曲,0,1,1,1323,7,9,0.138170921
1,0,1,食指屈曲,0,1,1,1323,7,10,0.147979813
1,0,1,食指屈曲,0,1,1,1323,7,11,0.157202505
1,0,1,食指屈曲,0,1,1,1323,7,12,0.165606255
1,0,1,食指屈曲,0,1,1,1323,7,13,0.173058412
1,0,1,食指屈曲,0,1,1,1323,7,14,0.181118638
1,0,1,食指屈曲,0,1,1,1323,7,15,0.190086642
1,0,1,食指屈曲,0,1,1,1323,7,16,0.198390511
1,0,1,食指屈曲,0,1,1,1323,8,1,0.047498970
1,0,1,食指屈曲,0,1,1,1323,8,2,0.066181089
1,0,1,食指屈曲,0,1,1,1323,8,3,0.082266515
1,0,1,食指屈曲,0,1,1,1323,8,4,0.095739317
1,0,1,食指屈曲,0,1,1,1323,8,5,0.112320941
1,0,1,食指屈曲,0,1,1,1323,8,6,0.124609522
1,0,1,食指屈曲,0,1,1,1323,8,7,0.134935015
1,0,1,食指屈曲,0,1,1,1323,8,8,0.144421545
1,0,1,食指屈曲,0,1,1,1323,8,9,0.152322824
1,0,1,食指屈曲,0,1,1,1323,8,10,0.160231595
1,0,1,食指屈曲,0,1,1,1323,8,11,0.169193916
1,0,1,食指屈曲,0,1,1,1323,8,12,0.178674343
1,0,1,食指屈曲,0,1,1,1323,8,13,0.186700881
1,0,1,食指屈曲,0,1,1,1323,8,14,0.194141410
1,0,1,食指屈曲,0,1,1,1323,9,1,0.053740047
1,0,1,食指屈曲,0,1,1,1323,9,2,0.083629784
1,0,1,食指屈曲,0,1,1,1323,9,3,0.100352975
1,0,1,食指屈曲,0,1,1,1323,9,4,0.113899256
1,0,1,食指屈曲,0,1,1,1323,9,5,0.126138526
1,0,1,食指屈曲,0,1,1,1323,9,6,0.135042343
1,0,1,食指屈曲,0,1,1,1323,9,7,0.144455288
1,0,1,食指屈曲,0,1,1,1323,9,8,0.154929602
1,0,1,食指屈曲,0,1,1,1323,9,9,0.163296765
1,0,1,食指屈曲,0,1,1,1323,9,10,0.170665552
1,0,1,食指屈曲,0,1,1,1323,9,11,0.177538278
1,0,1,食指屈曲,0,1,1,1323,9,12,0.183891273
1,0,1,食指屈曲,0,1,1,1323,9,13,0.189984950
1,0,1,食指屈曲,0,1,1,1323,9,14,0.196977873
1,0,1,食指屈曲,0,1,1,1323,10,1,0.087236971
1,0,1,食指屈曲,0,1,1,1323,10,2,0.110195273
1,0,1,食指屈曲,0,1,1,1323,10,3,0.123906622
1,0,1,食指屈曲,0,1,1,1323,10,4,0.148901788
1,0,1,食指屈曲,0,1,1,1323,10,5,0.163107426
1,0,1,食指屈曲,0,1,1,1323,10,6,0.172617508
1,0,1,食指屈曲,0,1,1,1323,10,7,0.182934208
1,0,1,食指屈曲,0,1,1,1323,10,8,0.193764718
1,0,1,食指屈曲,0,1,1,1323,11,1,0.061350339
1,0,1,食指屈曲,0,1,1,1323,11,2,0.084988403
1,0,1,食指屈曲,0,1,1,1323,11,3,0.099956687
1,0,1,食指屈曲,0,1,1,1323,11,4,0.110935893
1,0,1,食指屈曲,0,1,1,1323,11,5,0.121769462
1,0,1,食指屈曲,0,1,1,1323,11,6,0.134105337
1,0,1,食指屈曲,0,1,1,1323,11,7,0.144874990
1,0,1,食指屈曲,0,1,1,1323,11,8,0.155694803
1,0,1,食指屈曲,0,1,1,1323,11,9,0.164679788
1,0,1,食指屈曲,0,1,1,1323,11,10,0.172610634
1,0,1,食指屈曲,0,1,1,1323,11,11,0.180704542
1,0,1,食指屈曲,0,1,1,1323,11,12,0.189924021
1,0,1,食指屈曲,0,1,1,1323,11,13,0.199986743
1,0,1,食指屈曲,0,1,1,1323,12,1,0.061756606
1,0,1,食指屈曲,0,1,1,1323,12,2,0.082697223
1,0,1,食指屈曲,0,1,1,1323,12,3,0.098844031
1,0,1,食指屈曲,0,1,1,1323,12,4,0.112552078
1,0,1,食指屈曲,0,1,1,1323,12,5,0.123082970
1,0,1,食指屈曲,0,1,1,1323,12,6,0.132152080
1,0,1,食指屈曲,0,1,1,1323,12,7,0.141721656
1,0,1,食指屈曲,0,1,1,1323,12,8,0.151671076
1,0,1,食指屈曲,0,1,1,1323,12,9,0.159973839
1,0,1,食指屈曲,0,1,1,1323,12,10,0.167463512
1,0,1,食指屈曲,0,1,1,1323,12,11,0.174723893
1,0,1,食指屈曲,0,1,1,1323,12,12,0.181482362
1,0,1,食指屈曲,0,1,1,1323,12,13,0.188304249
1,0,1,食指屈曲,0,1,1,1323,12,14,0.195701121
1,0,1,食指屈曲,0,1,1,1323,13,1,0.049331788
1,0,1,食指屈曲,0,1,1,1323,13,2,0.069278963
1,0,1,食指屈曲,0,1,1,1323,13,3,0.085511905
1,0,1,食指屈曲,0,1,1,1323,13,4,0.097174482
1,0,1,食指屈曲,0,1,1,1323,13,5,0.106988183
1,0,1,食指屈曲,0,1,1,1323,13,6,0.115344443
1,0,1,食指屈曲,0,1,1,1323,13,7,0.126586340
1,0,1,食指屈曲,0,1,1,1323,13,8,0.135578606
1,0,1,食指屈曲,0,1,1,1323,13,9,0.143398425
1,0,1,食指屈曲,0,1,1,1323,13,10,0.152751719
1,0,1,食指屈曲,0,1,1,1323,13,11,0.160909996
1,0,1,食指屈曲,0,1,1,1323,13,12,0.167937957
1,0,1,食指屈曲,0,1,1,1323,13,13,0.174484657
1,0,1,食指屈曲,0,1,1,1323,13,14,0.180774230
1,0,1,食指屈曲,0,1,1,1323,13,15,0.186791729
1,0,1,食指屈曲,0,1,1,1323,13,16,0.192887192
1,0,1,食指屈曲,0,1,1,1323,13,17,0.199956061
1,0,1,食指屈曲,0,1,1,1323,14,1,0.053285983
1,0,1,食指屈曲,0,1,1,1323,14,2,0.089628538
1,0,1,食指屈曲,0,1,1,1323,14,3,0.101781306
1,0,1,食指屈曲,0,1,1,1323,14,4,0.114592532
1,0,1,食指屈曲,0,1,1,1323,14,5,0.124592042
1,0,1,食指屈曲,0,1,1,1323,14,6,0.134947946
1,0,1,食指屈曲,0,1,1,1323,14,7,0.144014726
1,0,1,食指屈曲,0,1,1,1323,14,8,0.153212804
1,0,1,食指屈曲,0,1,1,1323,14,9,0.162239804
1,0,1,食指屈曲,0,1,1,1323,14,10,0.169974852
1,0,1,食指屈曲,0,1,1,1323,14,11,0.178840824
1,0,1,食指屈曲,0,1,1,1323,14,12,0.187296458
1,0,1,食指屈曲,0,1,1,1323,14,13,0.194680625
1,0,1,食指屈曲,0,1,1,1323,15,1,0.050075273
1,0,1,食指屈曲,0,1,1,1323,15,2,0.071705028
1,0,1,食指屈曲,0,1,1,1323,15,3,0.086313495
1,0,1,食指屈曲,0,1,1,1323,15,4,0.097340272
1,0,1,食指屈曲,0,1,1,1323,15,5,0.107618382
1,0,1,食指屈曲,0,1,1,1323,15,6,0.117053064
1,0,1,食指屈曲,0,1,1,1323,15,7,0.128302421
1,0,1,食指屈曲,0,1,1,1323,15,8,0.141714285
1,0,1,食指屈曲,0,1,1,1323,15,9,0.153123765
1,0,1,食指屈曲,0,1,1,1323,15,10,0.162983169
1,0,1,食指屈曲,0,1,1,1323,15,11,0.171432836
1,0,1,食指屈曲,0,1,1,1323,15,12,0.179102033
1,0,1,食指屈曲,0,1,1,1323,15,13,0.185996933
1,0,1,食指屈曲,0,1,1,1323,15,14,0.193662309
1,0,1,食指屈曲,0,1,1,1323,16,1,0.054971742
1,0,1,食指屈曲,0,1,1,1323,16,2,0.074681131
1,0,1,食指屈曲,0,1,1,1323,16,3,0.086404201
1,0,1,食指屈曲,0,1,1,1323,16,4,0.100096232
1,0,1,食指屈曲,0,1,1,1323,16,5,0.110644524
1,0,1,食指屈曲,0,1,1,1323,16,6,0.119481168
1,0,1,食指屈曲,0,1,1,1323,16,7,0.127693981
1,0,1,食指屈曲,0,1,1,1323,16,8,0.137483857
1,0,1,食指屈曲,0,1,1,1323,16,9,0.147326201
1,0,1,食指屈曲,0,1,1,1323,16,10,0.155319128
1,0,1,食指屈曲,0,1,1,1323,16,11,0.162180430
1,0,1,食指屈曲,0,1,1,1323,16,12,0.168568990
1,0,1,食指屈曲,0,1,1,1323,16,13,0.174818178
1,0,1,食指屈曲,0,1,1,1323,16,14,0.181434940
1,0,1,食指屈曲,0,1,1,1323,16,15,0.189678837
1,0,1,食指屈曲,0,1,1,1323,16,16,0.197209788
1,0,1,食指屈曲,1,2,6,10388,1,1,0.044432799
1,0,1,食指屈曲,1,2,6,10388,1,2,0.063662728
1,0,1,食指屈曲,1,2,6,10388,1,3,0.079987474
1,0,1,食指屈曲,1,2,6,10388,1,4,0.091961605
1,0,1,食指屈曲,1,2,6,10388,1,5,0.101349633
1,0,1,食指屈曲,1,2,6,10388,1,6,0.111726352
1,0,1,食指屈曲,1,2,6,10388,1,7,0.123369868
1,0,1,食指屈曲,1,2,6,10388,1,8,0.132226754
1,0,1,食指屈曲,1,2,6,10388,1,9,0.139933957
1,0,1,食指屈曲,1,2,6,10388,1,10,0.147076999
1,0,1,食指屈曲,1,2,6,10388,1,11,0.153847435
1,0,1,食指屈曲,1,2,6,10388,1,12,0.162518053
1,0,1,食指屈曲,1,2,6,10388,1,13,0.170515797
1,0,1,食指屈曲,1,2,6,10388,1,14,0.177335643
1,0,1,食指屈曲,1,2,6,10388,1,15,0.183589194
1,0,1,食指屈曲,1,2,6,10388,1,16,0.191076788
1,0,1,食指屈曲,1,2,6,10388,1,17,0.198280424
1,0,1,食指屈曲,1,2,6,10388,2,1,0.057117628
1,0,1,食指屈曲,1,2,6,10388,2,2,0.074213233
1,0,1,食指屈曲,1,2,6,10388,2,3,0.091707296
1,0,1,食指屈曲,1,2,6,10388,2,4,0.104744424
1,0,1,食指屈曲,1,2,6,10388,2,5,0.117762604
1,0,1,食指屈曲,1,2,6,10388,2,6,0.129999638
1,0,1,食指屈曲,1,2,6,10388,2,7,0.140347197
1,0,1,食指屈曲,1,2,6,10388,2,8,0.150281795
1,0,1,食指屈曲,1,2,6,10388,2,9,0.160374953
1,0,1,食指屈曲,1,2,6,10388,2,10,0.169850144
1,0,1,食指屈曲,1,2,6,10388,2,11,0.180959113
1,0,1,食指屈曲,1,2,6,10388,2,12,0.189516076
1,0,1,食指屈曲,1,2,6,10388,2,13,0.199130574
1,0,1,食指屈曲,1,2,6,10388,3,1,0.057649271
1,0,1,食指屈曲,1,2,6,10388,3,2,0.077926672
1,0,1,食指屈曲,1,2,6,10388,3,3,0.091140286
1,0,1,食指屈曲,1,2,6,10388,3,4,0.102622163
1,0,1,食指屈曲,1,2,6,10388,3,5,0.114708967
1,0,1,食指屈曲,1,2,6,10388,3,6,0.126562261
1,0,1,食指屈曲,1,2,6,10388,3,7,0.136036525
1,0,1,食指屈曲,1,2,6,10388,3,8,0.146547551
1,0,1,食指屈曲,1,2,6,10388,3,9,0.159145546
1,0,1,食指屈曲,1,2,6,10388,3,10,0.170821635
1,0,1,食指屈曲,1,2,6,10388,3,11,0.179630393
1,0,1,食指屈曲,1,2,6,10388,3,12,0.187468364
1,0,1,食指屈曲,1,2,6,10388,3,13,0.197044897
1,0,1,食指屈曲,1,2,6,10388,4,1,0.056229786
1,0,1,食指屈曲,1,2,6,10388,4,2,0.076595606
1,0,1,食指屈曲,1,2,6,10388,4,3,0.090376040
1,0,1,食指屈曲,1,2,6,10388,4,4,0.101756600
1,0,1,食指屈曲,1,2,6,10388,4,5,0.116601105
1,0,1,食指屈曲,1,2,6,10388,4,6,0.129004093
1,0,1,食指屈曲,1,2,6,10388,4,7,0.140863738
1,0,1,食指屈曲,1,2,6,10388,4,8,0.151065114
1,0,1,食指屈曲,1,2,6,10388,4,9,0.161572588
1,0,1,食指屈曲,1,2,6,10388,4,10,0.175876421
1,0,1,食指屈曲,1,2,6,10388,4,11,0.185384762
1,0,1,食指屈曲,1,2,6,10388,4,12,0.193513818
1,0,1,食指屈曲,1,2,6,10388,5,1,0.051259255
1,0,1,食指屈曲,1,2,6,10388,5,2,0.069922952
1,0,1,食指屈曲,1,2,6,10388,5,3,0.081287630
1,0,1,食指屈曲,1,2,6,10388,5,4,0.091286508
1,0,1,食指屈曲,1,2,6,10388,5,5,0.100171108
1,0,1,食指屈曲,1,2,6,10388,5,6,0.112173605
1,0,1,食指屈曲,1,2,6,10388,5,7,0.123807359
1,0,1,食指屈曲,1,2,6,10388,5,8,0.132607297
1,0,1,食指屈曲,1,2,6,10388,5,9,0.140083419
1,0,1,食指屈曲,1,2,6,10388,5,10,0.147511686
1,0,1,食指屈曲,1,2,6,10388,5,11,0.156987109
1,0,1,食指屈曲,1,2,6,10388,5,12,0.164978546
1,0,1,食指屈曲,1,2,6,10388,5,13,0.172106312
1,0,1,食指屈曲,1,2,6,10388,5,14,0.178688664
1,0,1,食指屈曲,1,2,6,10388,5,15,0.184858033
1,0,1,食指屈曲,1,2,6,10388,5,16,0.191403992
1,0,1,食指屈曲,1,2,6,10388,5,17,0.199346606
1,0,1,食指屈曲,1,2,6,10388,6,1,0.043127442
1,0,1,食指屈曲,1,2,6,10388,6,2,0.070560193
1,0,1,食指屈曲,1,2,6,10388,6,3,0.082794175
1,0,1,食指屈曲,1,2,6,10388,6,4,0.092962314
1,0,1,食指屈曲,1,2,6,10388,6,5,0.101609770
1,0,1,食指屈曲,1,2,6,10388,6,6,0.109702273
1,0,1,食指屈曲,1,2,6,10388,6,7,0.117573436
1,0,1,食指屈曲,1,2,6,10388,6,8,0.124785667
1,0,1,食指屈曲,1,2,6,10388,6,9,0.131724652
1,0,1,食指屈曲,1,2,6,10388,6,10,0.138252222
1,0,1,食指屈曲,1,2,6,10388,6,11,0.144719904
1,0,1,食指屈曲,1,2,6,10388,6,12,0.153268006
1,0,1,食指屈曲,1,2,6,10388,6,13,0.161283927
1,0,1,食指屈曲,1,2,6,10388,6,14,0.168368851
1,0,1,食指屈曲,1,2,6,10388,6,15,0.176343617
1,0,1,食指屈曲,1,2,6,10388,6,16,0.184577712
1,0,1,食指屈曲,1,2,6,10388,6,17,0.191733068
1,0,1,食指屈曲,1,2,6,10388,6,18,0.198070727
1,0,1,食指屈曲,1,2,6,10388,7,1,0.052817205
1,0,1,食指屈曲,1,2,6,10388,7,2,0.074839748
1,0,1,食指屈曲,1,2,6,10388,7,3,0.086484633
1,0,1,食指屈曲,1,2,6,10388,7,4,0.097141484
1,0,1,食指屈曲,1,2,6,10388,7,5,0.107288754
1,0,1,食指屈曲,1,2,6,10388,7,6,0.118991782
1,0,1,食指屈曲,1,2,6,10388,7,7,0.132261777
1,0,1,食指屈曲,1,2,6,10388,7,8,0.146498244
1,0,1,食指屈曲,1,2,6,10388,7,9,0.156786702
1,0,1,食指屈曲,1,2,6,10388,7,10,0.165486539
1,0,1,食指屈曲,1,2,6,10388,7,11,0.174464986
1,0,1,食指屈曲,1,2,6,10388,7,12,0.182435076
1,0,1,食指屈曲,1,2,6,10388,7,13,0.189958263
1,0,1,食指屈曲,1,2,6,10388,7,14,0.198195413
1,0,1,食指屈曲,1,2,6,10388,8,1,0.041654849
1,0,1,食指屈曲,1,2,6,10388,8,2,0.075434128
1,0,1,食指屈曲,1,2,6,10388,8,3,0.089193757
1,0,1,食指屈曲,1,2,6,10388,8,4,0.100490417
1,0,1,食指屈曲,1,2,6,10388,8,5,0.113128702
1,0,1,食指屈曲,1,2,6,10388,8,6,0.122520360
1,0,1,食指屈曲,1,2,6,10388,8,7,0.132577616
1,0,1,食指屈曲,1,2,6,10388,8,8,0.143010465
1,0,1,食指屈曲,1,2,6,10388,8,9,0.152865819
1,0,1,食指屈曲,1,2,6,10388,8,10,0.160977494
1,0,1,食指屈曲,1,2,6,10388,8,11,0.168110806
1,0,1,食指屈曲,1,2,6,10388,8,12,0.176408136
1,0,1,食指屈曲,1,2,6,10388,8,13,0.185336665
1,0,1,食指屈曲,1,2,6,10388,8,14,0.192667650
1,0,1,食指屈曲,1,2,6,10388,8,15,0.199389099
1,0,1,食指屈曲,1,2,6,10388,9,1,0.049159919
1,0,1,食指屈曲,1,2,6,10388,9,2,0.065261437
1,0,1,食指屈曲,1,2,6,10388,9,3,0.077035510
1,0,1,食指屈曲,1,2,6,10388,9,4,0.086800923
1,0,1,食指屈曲,1,2,6,10388,9,5,0.095211196
1,0,1,食指屈曲,1,2,6,10388,9,6,0.104840990
1,0,1,食指屈曲,1,2,6,10388,9,7,0.115665393
1,0,1,食指屈曲,1,2,6,10388,9,8,0.124191153
1,0,1,食指屈曲,1,2,6,10388,9,9,0.131699307
1,0,1,食指屈曲,1,2,6,10388,9,10,0.138593184
1,0,1,食指屈曲,1,2,6,10388,9,11,0.145089088
1,0,1,食指屈曲,1,2,6,10388,9,12,0.151546658
1,0,1,食指屈曲,1,2,6,10388,9,13,0.157951978
1,0,1,食指屈曲,1,2,6,10388,9,14,0.164798348
1,0,1,食指屈曲,1,2,6,10388,9,15,0.172887486
1,0,1,食指屈曲,1,2,6,10388,9,16,0.180415758
1,0,1,食指屈曲,1,2,6,10388,9,17,0.187106172
1,0,1,食指屈曲,1,2,6,10388,9,18,0.193336190
1,0,1,食指屈曲,1,2,6,10388,10,1,0.078814512
1,0,1,食指屈曲,1,2,6,10388,10,2,0.101749644
1,0,1,食指屈曲,1,2,6,10388,10,3,0.117517489
1,0,1,食指屈曲,1,2,6,10388,10,4,0.133399691
1,0,1,食指屈曲,1,2,6,10388,10,5,0.144529264
1,0,1,食指屈曲,1,2,6,10388,10,6,0.161433891
1,0,1,食指屈曲,1,2,6,10388,10,7,0.174734672
1,0,1,食指屈曲,1,2,6,10388,10,8,0.191813096
1,0,1,食指屈曲,1,2,6,10388,11,1,0.051343776
1,0,1,食指屈曲,1,2,6,10388,11,2,0.087029182
1,0,1,食指屈曲,1,2,6,10388,11,3,0.103132083
1,0,1,食指屈曲,1,2,6,10388,11,4,0.115754854
1,0,1,食指屈曲,1,2,6,10388,11,5,0.126803480
1,0,1,食指屈曲,1,2,6,10388,11,6,0.143047159
1,0,1,食指屈曲,1,2,6,10388,11,7,0.154295650
1,0,1,食指屈曲,1,2,6,10388,11,8,0.166541051
1,0,1,食指屈曲,1,2,6,10388,11,9,0.179154307
1,0,1,食指屈曲,1,2,6,10388,11,10,0.188521197
1,0,1,食指屈曲,1,2,6,10388,11,11,0.195897790
1,0,1,食指屈曲,1,2,6,10388,12,1,0.045176984
1,0,1,食指屈曲,1,2,6,10388,12,2,0.062204020
1,0,1,食指屈曲,1,2,6,10388,12,3,0.078315422
1,0,1,食指屈曲,1,2,6,10388,12,4,0.093154299
1,0,1,食指屈曲,1,2,6,10388,12,5,0.104927982
1,0,1,食指屈曲,1,2,6,10388,12,6,0.115285712
1,0,1,食指屈曲,1,2,6,10388,12,7,0.127510788
1,0,1,食指屈曲,1,2,6,10388,12,8,0.141673780
1,0,1,食指屈曲,1,2,6,10388,12,9,0.152689484
1,0,1,食指屈曲,1,2,6,10388,12,10,0.161284051
1,0,1,食指屈曲,1,2,6,10388,12,11,0.168462354
1,0,1,食指屈曲,1,2,6,10388,12,12,0.175444932
1,0,1,食指屈曲,1,2,6,10388,12,13,0.182882861
1,0,1,食指屈曲,1,2,6,10388,12,14,0.191496968
1,0,1,食指屈曲,1,2,6,10388,12,15,0.199198344
1,0,1,食指屈曲,1,2,6,10388,13,1,0.044617554
1,0,1,食指屈曲,1,2,6,10388,13,2,0.077073533
1,0,1,食指屈曲,1,2,6,10388,13,3,0.090953893
1,0,1,食指屈曲,1,2,6,10388,13,4,0.100734587
1,0,1,食指屈曲,1,2,6,10388,13,5,0.109338330
1,0,1,食指屈曲,1,2,6,10388,13,6,0.117162383
1,0,1,食指屈曲,1,2,6,10388,13,7,0.124905807
1,0,1,食指屈曲,1,2,6,10388,13,8,0.134768514
1,0,1,食指屈曲,1,2,6,10388,13,9,0.143964561
1,0,1,食指屈曲,1,2,6,10388,13,10,0.152000218
1,0,1,食指屈曲,1,2,6,10388,13,11,0.159357348
1,0,1,食指屈曲,1,2,6,10388,13,12,0.166176493
1,0,1,食指屈曲,1,2,6,10388,13,13,0.172610671
1,0,1,食指屈曲,1,2,6,10388,13,14,0.178864890
1,0,1,食指屈曲,1,2,6,10388,13,15,0.184930592
1,0,1,食指屈曲,1,2,6,10388,13,16,0.190756627
1,0,1,食指屈曲,1,2,6,10388,13,17,0.197718709
1,0,1,食指屈曲,1,2,6,10388,14,1,0.060899464
1,0,1,食指屈曲,1,2,6,10388,14,2,0.079459847
1,0,1,食指屈曲,1,2,6,10388,14,3,0.095312707
1,0,1,食指屈曲,1,2,6,10388,14,4,0.105803560
1,0,1,食指屈曲,1,2,6,10388,14,5,0.114571628
1,0,1,食指屈曲,1,2,6,10388,14,6,0.123354712
1,0,1,食指屈曲,1,2,6,10388,14,7,0.131457340
1,0,1,食指屈曲,1,2,6,10388,14,8,0.140039045
1,0,1,食指屈曲,1,2,6,10388,14,9,0.148336960
1,0,1,食指屈曲,1,2,6,10388,14,10,0.155846152
1,0,1,食指屈曲,1,2,6,10388,14,11,0.164737980
1,0,1,食指屈曲,1,2,6,10388,14,12,0.173040528
1,0,1,食指屈曲,1,2,6,10388,14,13,0.180224756
1,0,1,食指屈曲,1,2,6,10388,14,14,0.187663214
1,0,1,食指屈曲,1,2,6,10388,14,15,0.195593666
1,0,1,食指屈曲,1,2,6,10388,15,1,0.058624201
1,0,1,食指屈曲,1,2,6,10388,15,2,0.076411364
1,0,1,食指屈曲,1,2,6,10388,15,3,0.089900555
1,0,1,食指屈曲,1,2,6,10388,15,4,0.101561107
1,0,1,食指屈曲,1,2,6,10388,15,5,0.114103004
1,0,1,食指屈曲,1,2,6,10388,15,6,0.132276135
1,0,1,食指屈曲,1,2,6,10388,15,7,0.147657860
1,0,1,食指屈曲,1,2,6,10388,15,8,0.164231088
1,0,1,食指屈曲,1,2,6,10388,15,9,0.173849566
1,0,1,食指屈曲,1,2,6,10388,15,10,0.185360921
1,0,1,食指屈曲,1,2,6,10388,15,11,0.197542239
1,0,1,食指屈曲,1,2,6,10388,16,1,0.044469474
1,0,1,食指屈曲,1,2,6,10388,16,2,0.061367021
1,0,1,食指屈曲,1,2,6,10388,16,3,0.075761215
1,0,1,食指屈曲,1,2,6,10388,16,4,0.088159139
1,0,1,食指屈曲,1,2,6,10388,16,5,0.097563252
1,0,1,食指屈曲,1,2,6,10388,16,6,0.105924573
1,0,1,食指屈曲,1,2,6,10388,16,7,0.113510861
1,0,1,食指屈曲,1,2,6,10388,16,8,0.120770478
1,0,1,食指屈曲,1,2,6,10388,16,9,0.127627054
1,0,1,食指屈曲,1,2,6,10388,16,10,0.136057671
1,0,1,食指屈曲,1,2,6,10388,16,11,0.145247396
1,0,1,食指屈曲,1,2,6,10388,16,12,0.153651837
1,0,1,食指屈曲,1,2,6,10388,16,13,0.161212436
1,0,1,食指屈曲,1,2,6,10388,16,14,0.170423777
1,0,1,食指屈曲,1,2,6,10388,16,15,0.179077624
1,0,1,食指屈曲,1,2,6,10388,16,16,0.186566997
1,0,1,食指屈曲,1,2,6,10388,16,17,0.193182242
1,0,1,食指屈曲,1,2,6,10388,16,18,0.199493218
1,1,2,食指伸展,2,1,1,11944,1,1,0.046290555
1,1,2,食指伸展,2,1,1,11944,1,2,0.063610226
1,1,2,食指伸展,2,1,1,11944,1,3,0.079427652
1,1,2,食指伸展,2,1,1,11944,1,4,0.091107975
1,1,2,食指伸展,2,1,1,11944,1,5,0.102483657
1,1,2,食指伸展,2,1,1,11944,1,6,0.112593268
1,1,2,食指伸展,2,1,1,11944,1,7,0.120774395
1,1,2,食指伸展,2,1,1,11944,1,8,0.127964179
1,1,2,食指伸展,2,1,1,11944,1,9,0.134786339
1,1,2,食指伸展,2,1,1,11944,1,10,0.141764545
1,1,2,食指伸展,2,1,1,11944,1,11,0.151136750
1,1,2,食指伸展,2,1,1,11944,1,12,0.160028822
1,1,2,食指伸展,2,1,1,11944,1,13,0.167415356
1,1,2,食指伸展,2,1,1,11944,1,14,0.176007713
1,1,2,食指伸展,2,1,1,11944,1,15,0.184430325
1,1,2,食指伸展,2,1,1,11944,1,16,0.191577452
1,1,2,食指伸展,2,1,1,11944,1,17,0.198474008
1,1,2,食指伸展,2,1,1,11944,2,1,0.042465654
1,1,2,食指伸展,2,1,1,11944,2,2,0.058387280
1,1,2,食指伸展,2,1,1,11944,2,3,0.070668525
1,1,2,食指伸展,2,1,1,11944,2,4,0.084674573
1,1,2,食指伸展,2,1,1,11944,2,5,0.094378610
1,1,2,食指伸展,2,1,1,11944,2,6,0.102903151
1,1,2,食指伸展,2,1,1,11944,2,7,0.111706161
1,1,2,食指伸展,2,1,1,11944,2,8,0.121600587
1,1,2,食指伸展,2,1,1,11944,2,9,0.129788964
1,1,2,食指伸展,2,1,1,11944,2,10,0.137028695
1,1,2,食指伸展,2,1,1,11944,2,11,0.143887316
1,1,2,食指伸展,2,1,1,11944,2,12,0.150716924
1,1,2,食指伸展,2,1,1,11944,2,13,0.158133219
1,1,2,食指伸展,2,1,1,11944,2,14,0.167011770
1,1,2,食指伸展,2,1,1,11944,2,15,0.174936163
1,1,2,食指伸展,2,1,1,11944,2,16,0.181891223
1,1,2,食指伸展,2,1,1,11944,2,17,0.188251426
1,1,2,食指伸展,2,1,1,11944,2,18,0.194331325
1,1,2,食指伸展,2,1,1,11944,3,1,0.045679122
1,1,2,食指伸展,2,1,1,11944,3,2,0.062383308
1,1,2,食指伸展,2,1,1,11944,3,3,0.073815512
1,1,2,食指伸展,2,1,1,11944,3,4,0.084330218
1,1,2,食指伸展,2,1,1,11944,3,5,0.095306573
1,1,2,食指伸展,2,1,1,11944,3,6,0.107269509
1,1,2,食指伸展,2,1,1,11944,3,7,0.116158843
1,1,2,食指伸展,2,1,1,11944,3,8,0.124158921
1,1,2,食指伸展,2,1,1,11944,3,9,0.131912350
1,1,2,食指伸展,2,1,1,11944,3,10,0.139670555
1,1,2,食指伸展,2,1,1,11944,3,11,0.147342304
1,1,2,食指伸展,2,1,1,11944,3,12,0.154870657
1,1,2,食指伸展,2,1,1,11944,3,13,0.161757426
1,1,2,食指伸展,2,1,1,11944,3,14,0.168358261
1,1,2,食指伸展,2,1,1,11944,3,15,0.174569793
1,1,2,食指伸展,2,1,1,11944,3,16,0.180723066
1,1,2,食指伸展,2,1,1,11944,3,17,0.186633640
1,1,2,食指伸展,2,1,1,11944,3,18,0.192434006
1,1,2,食指伸展,2,1,1,11944,3,19,0.198307061
1,1,2,食指伸展,2,1,1,11944,4,1,0.046714112
1,1,2,食指伸展,2,1,1,11944,4,2,0.063915637
1,1,2,食指伸展,2,1,1,11944,4,3,0.075769334
1,1,2,食指伸展,2,1,1,11944,4,4,0.088282778
1,1,2,食指伸展,2,1,1,11944,4,5,0.098976641
1,1,2,食指伸展,2,1,1,11944,4,6,0.108259828
1,1,2,食指伸展,2,1,1,11944,4,7,0.117335391
1,1,2,食指伸展,2,1,1,11944,4,8,0.125332945
1,1,2,食指伸展,2,1,1,11944,4,9,0.132964051
1,1,2,食指伸展,2,1,1,11944,4,10,0.140802401
1,1,2,食指伸展,2,1,1,11944,4,11,0.148565711
1,1,2,食指伸展,2,1,1,11944,4,12,0.156224216
1,1,2,食指伸展,2,1,1,11944,4,13,0.163968981
1,1,2,食指伸展,2,1,1,11944,4,14,0.170850235
1,1,2,食指伸展,2,1,1,11944,4,15,0.177329042
1,1,2,食指伸展,2,1,1,11944,4,16,0.183596008
1,1,2,食指伸展,2,1,1,11944,4,17,0.189858887
1,1,2,食指伸展,2,1,1,11944,4,18,0.196231833
1,1,2,食指伸展,2,1,1,11944,5,1,0.045744517
1,1,2,食指伸展,2,1,1,11944,5,2,0.062441332
1,1,2,食指伸展,2,1,1,11944,5,3,0.073381625
1,1,2,食指伸展,2,1,1,11944,5,4,0.082940412
1,1,2,食指伸展,2,1,1,11944,5,5,0.091769421
1,1,2,食指伸展,2,1,1,11944,5,6,0.100224314
1,1,2,食指伸展,2,1,1,11944,5,7,0.108338012
1,1,2,食指伸展,2,1,1,11944,5,8,0.115828148
1,1,2,食指伸展,2,1,1,11944,5,9,0.122734058
1,1,2,食指伸展,2,1,1,11944,5,10,0.129296460
1,1,2,食指伸展,2,1,1,11944,5,11,0.136535514
1,1,2,食指伸展,2,1,1,11944,5,12,0.145234001
1,1,2,食指伸展,2,1,1,11944,5,13,0.153393609
1,1,2,食指伸展,2,1,1,11944,5,14,0.161188564
1,1,2,食指伸展,2,1,1,11944,5,15,0.168290304
1,1,2,食指伸展,2,1,1,11944,5,16,0.174790954
1,1,2,食指伸展,2,1,1,11944,5,17,0.181009393
1,1,2,食指伸展,2,1,1,11944,5,18,0.187137418
1,1,2,食指伸展,2,1,1,11944,5,19,0.193052658
1,1,2,食指伸展,2,1,1,11944,5,20,0.198768464
1,1,2,食指伸展,2,1,1,11944,6,1,0.043421282
1,1,2,食指伸展,2,1,1,11944,6,2,0.061948467
1,1,2,食指伸展,2,1,1,11944,6,3,0.079432944
1,1,2,食指伸展,2,1,1,11944,6,4,0.090215882
1,1,2,食指伸展,2,1,1,11944,6,5,0.099263967
1,1,2,食指伸展,2,1,1,11944,6,6,0.107305277
1,1,2,食指伸展,2,1,1,11944,6,7,0.114843779
1,1,2,食指伸展,2,1,1,11944,6,8,0.121927980
1,1,2,食指伸展,2,1,1,11944,6,9,0.128681561
1,1,2,食指伸展,2,1,1,11944,6,10,0.136871627
1,1,2,食指伸展,2,1,1,11944,6,11,0.145922390
1,1,2,食指伸展,2,1,1,11944,6,12,0.154144018
1,1,2,食指伸展,2,1,1,11944,6,13,0.161432295
1,1,2,食指伸展,2,1,1,11944,6,14,0.168065678
1,1,2,食指伸展,2,1,1,11944,6,15,0.174353103
1,1,2,食指伸展,2,1,1,11944,6,16,0.180387492
1,1,2,食指伸展,2,1,1,11944,6,17,0.186235766
1,1,2,食指伸展,2,1,1,11944,6,18,0.191963544
1,1,2,食指伸展,2,1,1,11944,6,19,0.197529408
1,1,2,食指伸展,2,1,1,11944,7,1,0.050334834
1,1,2,食指伸展,2,1,1,11944,7,2,0.086303673
1,1,2,食指伸展,2,1,1,11944,7,3,0.097238270
1,1,2,食指伸展,2,1,1,11944,7,4,0.109512106
1,1,2,食指伸展,2,1,1,11944,7,5,0.119656563
1,1,2,食指伸展,2,1,1,11944,7,6,0.128231019
1,1,2,食指伸展,2,1,1,11944,7,7,0.136933607
1,1,2,食指伸展,2,1,1,11944,7,8,0.145504556
1,1,2,食指伸展,2,1,1,11944,7,9,0.153448712
1,1,2,食指伸展,2,1,1,11944,7,10,0.161497756
1,1,2,食指伸展,2,1,1,11944,7,11,0.170582506
1,1,2,食指伸展,2,1,1,11944,7,12,0.180795525
1,1,2,食指伸展,2,1,1,11944,7,13,0.189265033
1,1,2,食指伸展,2,1,1,11944,7,14,0.197098495
1,1,2,食指伸展,2,1,1,11944,8,1,0.055021332
1,1,2,食指伸展,2,1,1,11944,8,2,0.074137479
1,1,2,食指伸展,2,1,1,11944,8,3,0.084958645
1,1,2,食指伸展,2,1,1,11944,8,4,0.098282186
1,1,2,食指伸展,2,1,1,11944,8,5,0.108788304
1,1,2,食指伸展,2,1,1,11944,8,6,0.117992140
1,1,2,食指伸展,2,1,1,11944,8,7,0.126650271
1,1,2,食指伸展,2,1,1,11944,8,8,0.134413509
1,1,2,食指伸展,2,1,1,11944,8,9,0.141546769
1,1,2,食指伸展,2,1,1,11944,8,10,0.150024204
1,1,2,食指伸展,2,1,1,11944,8,11,0.158447802
1,1,2,食指伸展,2,1,1,11944,8,12,0.166512052
1,1,2,食指伸展,2,1,1,11944,8,13,0.174079707
1,1,2,食指伸展,2,1,1,11944,8,14,0.181111400
1,1,2,食指伸展,2,1,1,11944,8,15,0.187844212
1,1,2,食指伸展,2,1,1,11944,8,16,0.194153931
1,1,2,食指伸展,2,1,1,11944,9,1,0.044519569
1,1,2,食指伸展,2,1,1,11944,9,2,0.060402975
1,1,2,食指伸展,2,1,1,11944,9,3,0.071189454
1,1,2,食指伸展,2,1,1,11944,9,4,0.080574763
1,1,2,食指伸展,2,1,1,11944,9,5,0.088893477
1,1,2,食指伸展,2,1,1,11944,9,6,0.096584457
1,1,2,食指伸展,2,1,1,11944,9,7,0.103851919
1,1,2,食指伸展,2,1,1,11944,9,8,0.110773942
1,1,2,食指伸展,2,1,1,11944,9,9,0.117486108
1,1,2,食指伸展,2,1,1,11944,9,10,0.124023277
1,1,2,食指伸展,2,1,1,11944,9,11,0.130366550
1,1,2,食指伸展,2,1,1,11944,9,12,0.136520489
1,1,2,食指伸展,2,1,1,11944,9,13,0.142485383
1,1,2,食指伸展,2,1,1,11944,9,14,0.148334578
1,1,2,食指伸展,2,1,1,11944,9,15,0.154085270
1,1,2,食指伸展,2,1,1,11944,9,16,0.159723706
1,1,2,食指伸展,2,1,1,11944,9,17,0.165250066
1,1,2,食指伸展,2,1,1,11944,9,18,0.170659950
1,1,2,食指伸展,2,1,1,11944,9,19,0.175961339
1,1,2,食指伸展,2,1,1,11944,9,20,0.181177233
1,1,2,食指伸展,2,1,1,11944,9,21,0.186358427
1,1,2,食指伸展,2,1,1,11944,9,22,0.191515385
1,1,2,食指伸展,2,1,1,11944,9,23,0.196597635
1,1,2,食指伸展,2,1,1,11944,10,1,0.046610458
1,1,2,食指伸展,2,1,1,11944,10,2,0.070992299
1,1,2,食指伸展,2,1,1,11944,10,3,0.092329533
1,1,2,食指伸展,2,1,1,11944,10,4,0.106486828
1,1,2,食指伸展,2,1,1,11944,10,5,0.119021332
1,1,2,食指伸展,2,1,1,11944,10,6,0.130165162
1,1,2,食指伸展,2,1,1,11944,10,7,0.144953289
1,1,2,食指伸展,2,1,1,11944,10,8,0.156300976
1,1,2,食指伸展,2,1,1,11944,10,9,0.164397713
1,1,2,食指伸展,2,1,1,11944,10,10,0.171617237
1,1,2,食指伸展,2,1,1,11944,10,11,0.180050070
1,1,2,食指伸展,2,1,1,11944,10,12,0.190604620
1,1,2,食指伸展,2,1,1,11944,11,1,0.065036732
1,1,2,食指伸展,2,1,1,11944,11,2,0.091420356
1,1,2,食指伸展,2,1,1,11944,11,3,0.108812686
1,1,2,食指伸展,2,1,1,11944,11,4,0.119964399
1,1,2,食指伸展,2,1,1,11944,11,5,0.129233525
1,1,2,食指伸展,2,1,1,11944,11,6,0.139026653
1,1,2,食指伸展,2,1,1,11944,11,7,0.147947735
1,1,2,食指伸展,2,1,1,11944,11,8,0.156644297
1,1,2,食指伸展,2,1,1,11944,11,9,0.167364971
1,1,2,食指伸展,2,1,1,11944,11,10,0.177621939
1,1,2,食指伸展,2,1,1,11944,11,11,0.186414099
1,1,2,食指伸展,2,1,1,11944,11,12,0.194072959
1,1,2,食指伸展,2,1,1,11944,12,1,0.045854526
1,1,2,食指伸展,2,1,1,11944,12,2,0.064777334
1,1,2,食指伸展,2,1,1,11944,12,3,0.077084387
1,1,2,食指伸展,2,1,1,11944,12,4,0.087493466
1,1,2,食指伸展,2,1,1,11944,12,5,0.099029857
1,1,2,食指伸展,2,1,1,11944,12,6,0.108459111
1,1,2,食指伸展,2,1,1,11944,12,7,0.117152287
1,1,2,食指伸展,2,1,1,11944,12,8,0.125698163
1,1,2,食指伸展,2,1,1,11944,12,9,0.133762332
1,1,2,食指伸展,2,1,1,11944,12,10,0.141697270
1,1,2,食指伸展,2,1,1,11944,12,11,0.149856185
1,1,2,食指伸展,2,1,1,11944,12,12,0.157357973
1,1,2,食指伸展,2,1,1,11944,12,13,0.165696482
1,1,2,食指伸展,2,1,1,11944,12,14,0.174429522
1,1,2,食指伸展,2,1,1,11944,12,15,0.182254727
1,1,2,食指伸展,2,1,1,11944,12,16,0.189303662
1,1,2,食指伸展,2,1,1,11944,12,17,0.195884316
1,1,2,食指伸展,2,1,1,11944,13,1,0.044767053
1,1,2,食指伸展,2,1,1,11944,13,2,0.061357816
1,1,2,食指伸展,2,1,1,11944,13,3,0.072561122
1,1,2,食指伸展,2,1,1,11944,13,4,0.082133680
1,1,2,食指伸展,2,1,1,11944,13,5,0.090843640
1,1,2,食指伸展,2,1,1,11944,13,6,0.099159094
1,1,2,食指伸展,2,1,1,11944,13,7,0.106885684
1,1,2,食指伸展,2,1,1,11944,13,8,0.114155919
1,1,2,食指伸展,2,1,1,11944,13,9,0.121025678
1,1,2,食指伸展,2,1,1,11944,13,10,0.127522989
1,1,2,食指伸展,2,1,1,11944,13,11,0.133814310
1,1,2,食指伸展,2,1,1,11944,13,12,0.139868080
1,1,2,食指伸展,2,1,1,11944,13,13,0.145742517
1,1,2,食指伸展,2,1,1,11944,13,14,0.151559179
1,1,2,食指伸展,2,1,1,11944,13,15,0.157274547
1,1,2,食指伸展,2,1,1,11944,13,16,0.162912057
1,1,2,食指伸展,2,1,1,11944,13,17,0.168500067
1,1,2,食指伸展,2,1,1,11944,13,18,0.174062714
1,1,2,食指伸展,2,1,1,11944,13,19,0.179588401
1,1,2,食指伸展,2,1,1,11944,13,20,0.185007709
1,1,2,食指伸展,2,1,1,11944,13,21,0.190361629
1,1,2,食指伸展,2,1,1,11944,13,22,0.195659717
1,1,2,食指伸展,2,1,1,11944,14,1,0.051586937
1,1,2,食指伸展,2,1,1,11944,14,2,0.071427613
1,1,2,食指伸展,2,1,1,11944,14,3,0.086190508
1,1,2,食指伸展,2,1,1,11944,14,4,0.096501743
1,1,2,食指伸展,2,1,1,11944,14,5,0.107014891
1,1,2,食指伸展,2,1,1,11944,14,6,0.117049665
1,1,2,食指伸展,2,1,1,11944,14,7,0.126483596
1,1,2,食指伸展,2,1,1,11944,14,8,0.136264947
1,1,2,食指伸展,2,1,1,11944,14,9,0.145462924
1,1,2,食指伸展,2,1,1,11944,14,10,0.153387611
1,1,2,食指伸展,2,1,1,11944,14,11,0.161235740
1,1,2,食指伸展,2,1,1,11944,14,12,0.168723297
1,1,2,食指伸展,2,1,1,11944,14,13,0.176574357
1,1,2,食指伸展,2,1,1,11944,14,14,0.184900406
1,1,2,食指伸展,2,1,1,11944,14,15,0.192241087
1,1,2,食指伸展,2,1,1,11944,15,1,0.060496588
1,1,2,食指伸展,2,1,1,11944,15,2,0.098032643
1,1,2,食指伸展,2,1,1,11944,15,3,0.119162519
1,1,2,食指伸展,2,1,1,11944,15,4,0.133069292
1,1,2,食指伸展,2,1,1,11944,15,5,0.146911870
1,1,2,食指伸展,2,1,1,11944,15,6,0.160557834
1,1,2,食指伸展,2,1,1,11944,15,7,0.172089850
1,1,2,食指伸展,2,1,1,11944,15,8,0.182270749
1,1,2,食指伸展,2,1,1,11944,15,9,0.191789748
1,1,2,食指伸展,2,1,1,11944,16,1,0.043741895
1,1,2,食指伸展,2,1,1,11944,16,2,0.059981007
1,1,2,食指伸展,2,1,1,11944,16,3,0.071436952
1,1,2,食指伸展,2,1,1,11944,16,4,0.081661128
1,1,2,食指伸展,2,1,1,11944,16,5,0.090409221
1,1,2,食指伸展,2,1,1,11944,16,6,0.098425464
1,1,2,食指伸展,2,1,1,11944,16,7,0.106133398
1,1,2,食指伸展,2,1,1,11944,16,8,0.113209459
1,1,2,食指伸展,2,1,1,11944,16,9,0.119963999
1,1,2,食指伸展,2,1,1,11944,16,10,0.126495782
1,1,2,食指伸展,2,1,1,11944,16,11,0.132792694
1,1,2,食指伸展,2,1,1,11944,16,12,0.138850058
1,1,2,食指伸展,2,1,1,11944,16,13,0.144795083
1,1,2,食指伸展,2,1,1,11944,16,14,0.150678912
1,1,2,食指伸展,2,1,1,11944,16,15,0.156435525
1,1,2,食指伸展,2,1,1,11944,16,16,0.162117358
1,1,2,食指伸展,2,1,1,11944,16,17,0.167809924
1,1,2,食指伸展,2,1,1,11944,16,18,0.173462130
1,1,2,食指伸展,2,1,1,11944,16,19,0.179008140
1,1,2,食指伸展,2,1,1,11944,16,20,0.184408796
1,1,2,食指伸展,2,1,1,11944,16,21,0.191105523
1,1,2,食指伸展,2,1,1,11944,16,22,0.198740273
1,1,2,食指伸展,3,2,4,17195,1,1,0.043366079
1,1,2,食指伸展,3,2,4,17195,1,2,0.061873322
1,1,2,食指伸展,3,2,4,17195,1,3,0.075662048
1,1,2,食指伸展,3,2,4,17195,1,4,0.086179400
1,1,2,食指伸展,3,2,4,17195,1,5,0.095194868
1,1,2,食指伸展,3,2,4,17195,1,6,0.103246876
1,1,2,食指伸展,3,2,4,17195,1,7,0.110713978
1,1,2,食指伸展,3,2,4,17195,1,8,0.118002164
1,1,2,食指伸展,3,2,4,17195,1,9,0.126489466
1,1,2,食指伸展,3,2,4,17195,1,10,0.135000869
1,1,2,食指伸展,3,2,4,17195,1,11,0.145195544
1,1,2,食指伸展,3,2,4,17195,1,12,0.155641498
1,1,2,食指伸展,3,2,4,17195,1,13,0.164471339
1,1,2,食指伸展,3,2,4,17195,1,14,0.173685896
1,1,2,食指伸展,3,2,4,17195,1,15,0.181194337
1,1,2,食指伸展,3,2,4,17195,1,16,0.189263669
1,1,2,食指伸展,3,2,4,17195,1,17,0.197458075
1,1,2,食指伸展,3,2,4,17195,2,1,0.045591142
1,1,2,食指伸展,3,2,4,17195,2,2,0.073498072
1,1,2,食指伸展,3,2,4,17195,2,3,0.089556079
1,1,2,食指伸展,3,2,4,17195,2,4,0.100523714
1,1,2,食指伸展,3,2,4,17195,2,5,0.109113857
1,1,2,食指伸展,3,2,4,17195,2,6,0.117191073
1,1,2,食指伸展,3,2,4,17195,2,7,0.124956295
1,1,2,食指伸展,3,2,4,17195,2,8,0.132510819
1,1,2,食指伸展,3,2,4,17195,2,9,0.141403215
1,1,2,食指伸展,3,2,4,17195,2,10,0.150415313
1,1,2,食指伸展,3,2,4,17195,2,11,0.157900524
1,1,2,食指伸展,3,2,4,17195,2,12,0.166588021
1,1,2,食指伸展,3,2,4,17195,2,13,0.175457436
1,1,2,食指伸展,3,2,4,17195,2,14,0.182857902
1,1,2,食指伸展,3,2,4,17195,2,15,0.189284044
1,1,2,食指伸展,3,2,4,17195,2,16,0.195399024
1,1,2,食指伸展,3,2,4,17195,3,1,0.049064782
1,1,2,食指伸展,3,2,4,17195,3,2,0.075351180
1,1,2,食指伸展,3,2,4,17195,3,3,0.092342642
1,1,2,食指伸展,3,2,4,17195,3,4,0.102754600
1,1,2,食指伸展,3,2,4,17195,3,5,0.112568812
1,1,2,食指伸展,3,2,4,17195,3,6,0.125575069
1,1,2,食指伸展,3,2,4,17195,3,7,0.137118840
1,1,2,食指伸展,3,2,4,17195,3,8,0.145926921
1,1,2,食指伸展,3,2,4,17195,3,9,0.155748719
1,1,2,食指伸展,3,2,4,17195,3,10,0.166194482
1,1,2,食指伸展,3,2,4,17195,3,11,0.174463665
1,1,2,食指伸展,3,2,4,17195,3,12,0.183361913
1,1,2,食指伸展,3,2,4,17195,3,13,0.192166357
1,1,2,食指伸展,3,2,4,17195,3,14,0.199921240
1,1,2,食指伸展,3,2,4,17195,4,1,0.049775524
1,1,2,食指伸展,3,2,4,17195,4,2,0.071926080
1,1,2,食指伸展,3,2,4,17195,4,3,0.086604812
1,1,2,食指伸展,3,2,4,17195,4,4,0.099299801
1,1,2,食指伸展,3,2,4,17195,4,5,0.109160524
1,1,2,食指伸展,3,2,4,17195,4,6,0.118083650
1,1,2,食指伸展,3,2,4,17195,4,7,0.126133812
1,1,2,食指伸展,3,2,4,17195,4,8,0.134583094
1,1,2,食指伸展,3,2,4,17195,4,9,0.143032053
1,1,2,食指伸展,3,2,4,17195,4,10,0.150977629
1,1,2,食指伸展,3,2,4,17195,4,11,0.159148995
1,1,2,食指伸展,3,2,4,17195,4,12,0.168076858
1,1,2,食指伸展,3,2,4,17195,4,13,0.175956428
1,1,2,食指伸展,3,2,4,17195,4,14,0.183527228
1,1,2,食指伸展,3,2,4,17195,4,15,0.191073888
1,1,2,食指伸展,3,2,4,17195,4,16,0.198340569
1,1,2,食指伸展,3,2,4,17195,5,1,0.044135881
1,1,2,食指伸展,3,2,4,17195,5,2,0.063287884
1,1,2,食指伸展,3,2,4,17195,5,3,0.075202284
1,1,2,食指伸展,3,2,4,17195,5,4,0.084858266
1,1,2,食指伸展,3,2,4,17195,5,5,0.093316014
1,1,2,食指伸展,3,2,4,17195,5,6,0.101414230
1,1,2,食指伸展,3,2,4,17195,5,7,0.109364096
1,1,2,食指伸展,3,2,4,17195,5,8,0.116956107
1,1,2,食指伸展,3,2,4,17195,5,9,0.124228091
1,1,2,食指伸展,3,2,4,17195,5,10,0.131355232
1,1,2,食指伸展,3,2,4,17195,5,11,0.138184813
1,1,2,食指伸展,3,2,4,17195,5,12,0.144769333
1,1,2,食指伸展,3,2,4,17195,5,13,0.151008840
1,1,2,食指伸展,3,2,4,17195,5,14,0.157136575
1,1,2,食指伸展,3,2,4,17195,5,15,0.163102504
1,1,2,食指伸展,3,2,4,17195,5,16,0.168944121
1,1,2,食指伸展,3,2,4,17195,5,17,0.174607955
1,1,2,食指伸展,3,2,4,17195,5,18,0.180249329
1,1,2,食指伸展,3,2,4,17195,5,19,0.185917619
1,1,2,食指伸展,3,2,4,17195,5,20,0.191613555
1,1,2,食指伸展,3,2,4,17195,5,21,0.197183187
1,1,2,食指伸展,3,2,4,17195,6,1,0.043226180
1,1,2,食指伸展,3,2,4,17195,6,2,0.060601605
1,1,2,食指伸展,3,2,4,17195,6,3,0.071963736
1,1,2,食指伸展,3,2,4,17195,6,4,0.081588234
1,1,2,食指伸展,3,2,4,17195,6,5,0.090578596
1,1,2,食指伸展,3,2,4,17195,6,6,0.101738688
1,1,2,食指伸展,3,2,4,17195,6,7,0.111115157
1,1,2,食指伸展,3,2,4,17195,6,8,0.119057151
1,1,2,食指伸展,3,2,4,17195,6,9,0.126266554
1,1,2,食指伸展,3,2,4,17195,6,10,0.133136939
1,1,2,食指伸展,3,2,4,17195,6,11,0.141376328
1,1,2,食指伸展,3,2,4,17195,6,12,0.150289643
1,1,2,食指伸展,3,2,4,17195,6,13,0.157936066
1,1,2,食指伸展,3,2,4,17195,6,14,0.164587803
1,1,2,食指伸展,3,2,4,17195,6,15,0.170867781
1,1,2,食指伸展,3,2,4,17195,6,16,0.176894665
1,1,2,食指伸展,3,2,4,17195,6,17,0.182664780
1,1,2,食指伸展,3,2,4,17195,6,18,0.188220936
1,1,2,食指伸展,3,2,4,17195,6,19,0.193625836
1,1,2,食指伸展,3,2,4,17195,6,20,0.199033272
1,1,2,食指伸展,3,2,4,17195,7,1,0.044835449
1,1,2,食指伸展,3,2,4,17195,7,2,0.062926544
1,1,2,食指伸展,3,2,4,17195,7,3,0.075537835
1,1,2,食指伸展,3,2,4,17195,7,4,0.086207848
1,1,2,食指伸展,3,2,4,17195,7,5,0.099731103
1,1,2,食指伸展,3,2,4,17195,7,6,0.110621727
1,1,2,食指伸展,3,2,4,17195,7,7,0.119221621
1,1,2,食指伸展,3,2,4,17195,7,8,0.128405827
1,1,2,食指伸展,3,2,4,17195,7,9,0.139473241
1,1,2,食指伸展,3,2,4,17195,7,10,0.148174591
1,1,2,食指伸展,3,2,4,17195,7,11,0.155793800
1,1,2,食指伸展,3,2,4,17195,7,12,0.162777326
1,1,2,食指伸展,3,2,4,17195,7,13,0.169880038
1,1,2,食指伸展,3,2,4,17195,7,14,0.178276629
1,1,2,食指伸展,3,2,4,17195,7,15,0.186182527
1,1,2,食指伸展,3,2,4,17195,7,16,0.193184299
1,1,2,食指伸展,3,2,4,17195,7,17,0.199570108
1,1,2,食指伸展,3,2,4,17195,8,1,0.050873636
1,1,2,食指伸展,3,2,4,17195,8,2,0.070285392
1,1,2,食指伸展,3,2,4,17195,8,3,0.084689562
1,1,2,食指伸展,3,2,4,17195,8,4,0.095165520
1,1,2,食指伸展,3,2,4,17195,8,5,0.107866413
1,1,2,食指伸展,3,2,4,17195,8,6,0.118563800
1,1,2,食指伸展,3,2,4,17195,8,7,0.129143950
1,1,2,食指伸展,3,2,4,17195,8,8,0.139803653
1,1,2,食指伸展,3,2,4,17195,8,9,0.147837600
1,1,2,食指伸展,3,2,4,17195,8,10,0.155207417
1,1,2,食指伸展,3,2,4,17195,8,11,0.162068083
1,1,2,食指伸展,3,2,4,17195,8,12,0.170151433
1,1,2,食指伸展,3,2,4,17195,8,13,0.179234414
1,1,2,食指伸展,3,2,4,17195,8,14,0.188348989
1,1,2,食指伸展,3,2,4,17195,8,15,0.195975433
1,1,2,食指伸展,3,2,4,17195,9,1,0.044583644
1,1,2,食指伸展,3,2,4,17195,9,2,0.061815833
1,1,2,食指伸展,3,2,4,17195,9,3,0.078505620
1,1,2,食指伸展,3,2,4,17195,9,4,0.088843539
1,1,2,食指伸展,3,2,4,17195,9,5,0.098414047
1,1,2,食指伸展,3,2,4,17195,9,6,0.109838759
1,1,2,食指伸展,3,2,4,17195,9,7,0.118764938
1,1,2,食指伸展,3,2,4,17195,9,8,0.126731792
1,1,2,食指伸展,3,2,4,17195,9,9,0.134383255
1,1,2,食指伸展,3,2,4,17195,9,10,0.143543034
1,1,2,食指伸展,3,2,4,17195,9,11,0.151985792
1,1,2,食指伸展,3,2,4,17195,9,12,0.159573716
1,1,2,食指伸展,3,2,4,17195,9,13,0.166441029
1,1,2,食指伸展,3,2,4,17195,9,14,0.174664617
1,1,2,食指伸展,3,2,4,17195,9,15,0.183191417
1,1,2,食指伸展,3,2,4,17195,9,16,0.190107905
1,1,2,食指伸展,3,2,4,17195,9,17,0.196512833
1,1,2,食指伸展,3,2,4,17195,10,1,0.092591282
1,1,2,食指伸展,3,2,4,17195,10,2,0.130237670
1,1,2,食指伸展,3,2,4,17195,10,3,0.160184325
1,1,2,食指伸展,3,2,4,17195,10,4,0.174817678
1,1,2,食指伸展,3,2,4,17195,10,5,0.187534693
1,1,2,食指伸展,3,2,4,17195,10,6,0.197388444
1,1,2,食指伸展,3,2,4,17195,11,1,0.066069930
1,1,2,食指伸展,3,2,4,17195,11,2,0.107821377
1,1,2,食指伸展,3,2,4,17195,11,3,0.127857799
1,1,2,食指伸展,3,2,4,17195,11,4,0.152241068
1,1,2,食指伸展,3,2,4,17195,11,5,0.170706005
1,1,2,食指伸展,3,2,4,17195,11,6,0.183989775
1,1,2,食指伸展,3,2,4,17195,11,7,0.195062463
1,1,2,食指伸展,3,2,4,17195,12,1,0.048403241
1,1,2,食指伸展,3,2,4,17195,12,2,0.069908598
1,1,2,食指伸展,3,2,4,17195,12,3,0.087898405
1,1,2,食指伸展,3,2,4,17195,12,4,0.099158166
1,1,2,食指伸展,3,2,4,17195,12,5,0.108967205
1,1,2,食指伸展,3,2,4,17195,12,6,0.120182560
1,1,2,食指伸展,3,2,4,17195,12,7,0.131215243
1,1,2,食指伸展,3,2,4,17195,12,8,0.141059257
1,1,2,食指伸展,3,2,4,17195,12,9,0.151900943
1,1,2,食指伸展,3,2,4,17195,12,10,0.162332545
1,1,2,食指伸展,3,2,4,17195,12,11,0.170494922
1,1,2,食指伸展,3,2,4,17195,12,12,0.177934386
1,1,2,食指伸展,3,2,4,17195,12,13,0.185222507
1,1,2,食指伸展,3,2,4,17195,12,14,0.191767968
1,1,2,食指伸展,3,2,4,17195,12,15,0.197921205
1,1,2,食指伸展,3,2,4,17195,13,1,0.045195156
1,1,2,食指伸展,3,2,4,17195,13,2,0.061789767
1,1,2,食指伸展,3,2,4,17195,13,3,0.073056849
1,1,2,食指伸展,3,2,4,17195,13,4,0.082690958
1,1,2,食指伸展,3,2,4,17195,13,5,0.091054672
1,1,2,食指伸展,3,2,4,17195,13,6,0.100900949
1,1,2,食指伸展,3,2,4,17195,13,7,0.111054237
1,1,2,食指伸展,3,2,4,17195,13,8,0.119298577
1,1,2,食指伸展,3,2,4,17195,13,9,0.126658967
1,1,2,食指伸展,3,2,4,17195,13,10,0.133545683
1,1,2,食指伸展,3,2,4,17195,13,11,0.140271752
1,1,2,食指伸展,3,2,4,17195,13,12,0.146838359
1,1,2,食指伸展,3,2,4,17195,13,13,0.153093630
1,1,2,食指伸展,3,2,4,17195,13,14,0.159178430
1,1,2,食指伸展,3,2,4,17195,13,15,0.165121184
1,1,2,食指伸展,3,2,4,17195,13,16,0.171034104
1,1,2,食指伸展,3,2,4,17195,13,17,0.176883473
1,1,2,食指伸展,3,2,4,17195,13,18,0.182662125
1,1,2,食指伸展,3,2,4,17195,13,19,0.188239115
1,1,2,食指伸展,3,2,4,17195,13,20,0.193656730
1,1,2,食指伸展,3,2,4,17195,13,21,0.198984833
1,1,2,食指伸展,3,2,4,17195,14,1,0.046179069
1,1,2,食指伸展,3,2,4,17195,14,2,0.067176760
1,1,2,食指伸展,3,2,4,17195,14,3,0.086660004
1,1,2,食指伸展,3,2,4,17195,14,4,0.102477451
1,1,2,食指伸展,3,2,4,17195,14,5,0.118527390
1,1,2,食指伸展,3,2,4,17195,14,6,0.128964734
1,1,2,食指伸展,3,2,4,17195,14,7,0.140766172
1,1,2,食指伸展,3,2,4,17195,14,8,0.150838621
1,1,2,食指伸展,3,2,4,17195,14,9,0.160743330
1,1,2,食指伸展,3,2,4,17195,14,10,0.170972722
1,1,2,食指伸展,3,2,4,17195,14,11,0.179116361
1,1,2,食指伸展,3,2,4,17195,14,12,0.186171320
1,1,2,食指伸展,3,2,4,17195,14,13,0.192902135
1,1,2,食指伸展,3,2,4,17195,14,14,0.199294778
1,1,2,食指伸展,3,2,4,17195,15,1,0.044163282
1,1,2,食指伸展,3,2,4,17195,15,2,0.060984139
1,1,2,食指伸展,3,2,4,17195,15,3,0.072685624
1,1,2,食指伸展,3,2,4,17195,15,4,0.086363023
1,1,2,食指伸展,3,2,4,17195,15,5,0.100163919
1,1,2,食指伸展,3,2,4,17195,15,6,0.110129737
1,1,2,食指伸展,3,2,4,17195,15,7,0.120603347
1,1,2,食指伸展,3,2,4,17195,15,8,0.131425569
1,1,2,食指伸展,3,2,4,17195,15,9,0.140294404
1,1,2,食指伸展,3,2,4,17195,15,10,0.148182771
1,1,2,食指伸展,3,2,4,17195,15,11,0.155227680
1,1,2,食指伸展,3,2,4,17195,15,12,0.161764718
1,1,2,食指伸展,3,2,4,17195,15,13,0.169409221
1,1,2,食指伸展,3,2,4,17195,15,14,0.177392169
1,1,2,食指伸展,3,2,4,17195,15,15,0.184563454
1,1,2,食指伸展,3,2,4,17195,15,16,0.191402080
1,1,2,食指伸展,3,2,4,17195,15,17,0.197949801
1,1,2,食指伸展,3,2,4,17195,16,1,0.043493816
1,1,2,食指伸展,3,2,4,17195,16,2,0.061194298
1,1,2,食指伸展,3,2,4,17195,16,3,0.072437885
1,1,2,食指伸展,3,2,4,17195,16,4,0.081792675
1,1,2,食指伸展,3,2,4,17195,16,5,0.090371077
1,1,2,食指伸展,3,2,4,17195,16,6,0.098416884
1,1,2,食指伸展,3,2,4,17195,16,7,0.106039477
1,1,2,食指伸展,3,2,4,17195,16,8,0.113370482
1,1,2,食指伸展,3,2,4,17195,16,9,0.120539404
1,1,2,食指伸展,3,2,4,17195,16,10,0.127436720
1,1,2,食指伸展,3,2,4,17195,16,11,0.133887806
1,1,2,食指伸展,3,2,4,17195,16,12,0.139986906
1,1,2,食指伸展,3,2,4,17195,16,13,0.145892591
1,1,2,食指伸展,3,2,4,17195,16,14,0.151728008
1,1,2,食指伸展,3,2,4,17195,16,15,0.157475306
1,1,2,食指伸展,3,2,4,17195,16,16,0.164427670
1,1,2,食指伸展,3,2,4,17195,16,17,0.172052906
1,1,2,食指伸展,3,2,4,17195,16,18,0.179117692
1,1,2,食指伸展,3,2,4,17195,16,19,0.185550342
1,1,2,食指伸展,3,2,4,17195,16,20,0.191402975
1,1,2,食指伸展,3,2,4,17195,16,21,0.197093440
1,2,3,中指屈曲,4,1,3,26738,1,1,0.052197432
1,2,3,中指屈曲,4,1,3,26738,1,2,0.083892256
1,2,3,中指屈曲,4,1,3,26738,1,3,0.098952483
1,2,3,中指屈曲,4,1,3,26738,1,4,0.112032883
1,2,3,中指屈曲,4,1,3,26738,1,5,0.125423631
1,2,3,中指屈曲,4,1,3,26738,1,6,0.138052214
1,2,3,中指屈曲,4,1,3,26738,1,7,0.148836090
1,2,3,中指屈曲,4,1,3,26738,1,8,0.158154166
1,2,3,中指屈曲,4,1,3,26738,1,9,0.168040127
1,2,3,中指屈曲,4,1,3,26738,1,10,0.178220538
1,2,3,中指屈曲,4,1,3,26738,1,11,0.187145821
1,2,3,中指屈曲,4,1,3,26738,1,12,0.195175887
1,2,3,中指屈曲,4,1,3,26738,2,1,0.044681665
1,2,3,中指屈曲,4,1,3,26738,2,2,0.067413389
1,2,3,中指屈曲,4,1,3,26738,2,3,0.079545683
1,2,3,中指屈曲,4,1,3,26738,2,4,0.091207013
1,2,3,中指屈曲,4,1,3,26738,2,5,0.102484257
1,2,3,中指屈曲,4,1,3,26738,2,6,0.111334046
1,2,3,中指屈曲,4,1,3,26738,2,7,0.119180754
1,2,3,中指屈曲,4,1,3,26738,2,8,0.126418751
1,2,3,中指屈曲,4,1,3,26738,2,9,0.133396411
1,2,3,中指屈曲,4,1,3,26738,2,10,0.140408658
1,2,3,中指屈曲,4,1,3,26738,2,11,0.149966360
1,2,3,中指屈曲,4,1,3,26738,2,12,0.158855691
1,2,3,中指屈曲,4,1,3,26738,2,13,0.167043793
1,2,3,中指屈曲,4,1,3,26738,2,14,0.175864335
1,2,3,中指屈曲,4,1,3,26738,2,15,0.183366608
1,2,3,中指屈曲,4,1,3,26738,2,16,0.190346344
1,2,3,中指屈曲,4,1,3,26738,2,17,0.196624085
1,2,3,中指屈曲,4,1,3,26738,3,1,0.052059531
1,2,3,中指屈曲,4,1,3,26738,3,2,0.076442655
1,2,3,中指屈曲,4,1,3,26738,3,3,0.091451136
1,2,3,中指屈曲,4,1,3,26738,3,4,0.103908551
1,2,3,中指屈曲,4,1,3,26738,3,5,0.114866590
1,2,3,中指屈曲,4,1,3,26738,3,6,0.124610554
1,2,3,中指屈曲,4,1,3,26738,3,7,0.134585723
1,2,3,中指屈曲,4,1,3,26738,3,8,0.145243003
1,2,3,中指屈曲,4,1,3,26738,3,9,0.160073657
1,2,3,中指屈曲,4,1,3,26738,3,10,0.170966042
1,2,3,中指屈曲,4,1,3,26738,3,11,0.180342352
1,2,3,中指屈曲,4,1,3,26738,3,12,0.188696012
1,2,3,中指屈曲,4,1,3,26738,3,13,0.196470497
1,2,3,中指屈曲,4,1,3,26738,4,1,0.051336169
1,2,3,中指屈曲,4,1,3,26738,4,2,0.073799465
1,2,3,中指屈曲,4,1,3,26738,4,3,0.088798899
1,2,3,中指屈曲,4,1,3,26738,4,4,0.101187244
1,2,3,中指屈曲,4,1,3,26738,4,5,0.112681764
1,2,3,中指屈曲,4,1,3,26738,4,6,0.123375842
1,2,3,中指屈曲,4,1,3,26738,4,7,0.132883326
1,2,3,中指屈曲,4,1,3,26738,4,8,0.142147216
1,2,3,中指屈曲,4,1,3,26738,4,9,0.151201182
1,2,3,中指屈曲,4,1,3,26738,4,10,0.161033420
1,2,3,中指屈曲,4,1,3,26738,4,11,0.170253189
1,2,3,中指屈曲,4,1,3,26738,4,12,0.179187537
1,2,3,中指屈曲,4,1,3,26738,4,13,0.189115240
1,2,3,中指屈曲,4,1,3,26738,4,14,0.199154796
1,2,3,中指屈曲,4,1,3,26738,5,1,0.055750709
1,2,3,中指屈曲,4,1,3,26738,5,2,0.080529926
1,2,3,中指屈曲,4,1,3,26738,5,3,0.095493353
1,2,3,中指屈曲,4,1,3,26738,5,4,0.108049017
1,2,3,中指屈曲,4,1,3,26738,5,5,0.120682785
1,2,3,中指屈曲,4,1,3,26738,5,6,0.130154718
1,2,3,中指屈曲,4,1,3,26738,5,7,0.139860893
1,2,3,中指屈曲,4,1,3,26738,5,8,0.150950189
1,2,3,中指屈曲,4,1,3,26738,5,9,0.161009941
1,2,3,中指屈曲,4,1,3,26738,5,10,0.169366601
1,2,3,中指屈曲,4,1,3,26738,5,11,0.178424761
1,2,3,中指屈曲,4,1,3,26738,5,12,0.186741237
1,2,3,中指屈曲,4,1,3,26738,5,13,0.194524783
1,2,3,中指屈曲,4,1,3,26738,6,1,0.080893015
1,2,3,中指屈曲,4,1,3,26738,6,2,0.105401663
1,2,3,中指屈曲,4,1,3,26738,6,3,0.124960283
1,2,3,中指屈曲,4,1,3,26738,6,4,0.138175274
1,2,3,中指屈曲,4,1,3,26738,6,5,0.151555179
1,2,3,中指屈曲,4,1,3,26738,6,6,0.161573566
1,2,3,中指屈曲,4,1,3,26738,6,7,0.171265723
1,2,3,中指屈曲,4,1,3,26738,6,8,0.182265479
1,2,3,中指屈曲,4,1,3,26738,6,9,0.193712728
1,2,3,中指屈曲,4,1,3,26738,7,1,0.060127275
1,2,3,中指屈曲,4,1,3,26738,7,2,0.084754261
1,2,3,中指屈曲,4,1,3,26738,7,3,0.101210396
1,2,3,中指屈曲,4,1,3,26738,7,4,0.113738044
1,2,3,中指屈曲,4,1,3,26738,7,5,0.123298706
1,2,3,中指屈曲,4,1,3,26738,7,6,0.132109060
1,2,3,中指屈曲,4,1,3,26738,7,7,0.141375814
1,2,3,中指屈曲,4,1,3,26738,7,8,0.150909614
1,2,3,中指屈曲,4,1,3,26738,7,9,0.159839636
1,2,3,中指屈曲,4,1,3,26738,7,10,0.174701616
1,2,3,中指屈曲,4,1,3,26738,7,11,0.186478720
1,2,3,中指屈曲,4,1,3,26738,7,12,0.197589148
1,2,3,中指屈曲,4,1,3,26738,8,1,0.063041032
1,2,3,中指屈曲,4,1,3,26738,8,2,0.083042594
1,2,3,中指屈曲,4,1,3,26738,8,3,0.107543221
1,2,3,中指屈曲,4,1,3,26738,8,4,0.120345343
1,2,3,中指屈曲,4,1,3,26738,8,5,0.129383112
1,2,3,中指屈曲,4,1,3,26738,8,6,0.138174299
1,2,3,中指屈曲,4,1,3,26738,8,7,0.147234585
1,2,3,中指屈曲,4,1,3,26738,8,8,0.156302740
1,2,3,中指屈曲,4,1,3,26738,8,9,0.165280078
1,2,3,中指屈曲,4,1,3,26738,8,10,0.175254882
1,2,3,中指屈曲,4,1,3,26738,8,11,0.185359741
1,2,3,中指屈曲,4,1,3,26738,8,12,0.194557905
1,2,3,中指屈曲,4,1,3,26738,9,1,0.043632974
1,2,3,中指屈曲,4,1,3,26738,9,2,0.078727576
1,2,3,中指屈曲,4,1,3,26738,9,3,0.092533319
1,2,3,中指屈曲,4,1,3,26738,9,4,0.102218106
1,2,3,中指屈曲,4,1,3,26738,9,5,0.110696004
1,2,3,中指屈曲,4,1,3,26738,9,6,0.118606899
1,2,3,中指屈曲,4,1,3,26738,9,7,0.127839458
1,2,3,中指屈曲,4,1,3,26738,9,8,0.137255390
1,2,3,中指屈曲,4,1,3,26738,9,9,0.145097641
1,2,3,中指屈曲,4,1,3,26738,9,10,0.152297251
1,2,3,中指屈曲,4,1,3,26738,9,11,0.159352245
1,2,3,中指屈曲,4,1,3,26738,9,12,0.167921013
1,2,3,中指屈曲,4,1,3,26738,9,13,0.175766768
1,2,3,中指屈曲,4,1,3,26738,9,14,0.182544831
1,2,3,中指屈曲,4,1,3,26738,9,15,0.189035470
1,2,3,中指屈曲,4,1,3,26738,9,16,0.197214652
1,2,3,中指屈曲,4,1,3,26738,10,1,0.072491584
1,2,3,中指屈曲,4,1,3,26738,10,2,0.092273204
1,2,3,中指屈曲,4,1,3,26738,10,3,0.103609523
1,2,3,中指屈曲,4,1,3,26738,10,4,0.113335642
1,2,3,中指屈曲,4,1,3,26738,10,5,0.126643064
1,2,3,中指屈曲,4,1,3,26738,10,6,0.138277893
1,2,3,中指屈曲,4,1,3,26738,10,7,0.151554984
1,2,3,中指屈曲,4,1,3,26738,10,8,0.163108014
1,2,3,中指屈曲,4,1,3,26738,10,9,0.178611989
1,2,3,中指屈曲,4,1,3,26738,11,1,0.098948657
1,2,3,中指屈曲,4,1,3,26738,11,2,0.124883953
1,2,3,中指屈曲,4,1,3,26738,11,3,0.151903159
1,2,3,中指屈曲,4,1,3,26738,11,4,0.172721958
1,2,3,中指屈曲,4,1,3,26738,11,5,0.189938048
1,2,3,中指屈曲,4,1,3,26738,12,1,0.056416414
1,2,3,中指屈曲,4,1,3,26738,12,2,0.082134664
1,2,3,中指屈曲,4,1,3,26738,12,3,0.097144621
1,2,3,中指屈曲,4,1,3,26738,12,4,0.114168078
1,2,3,中指屈曲,4,1,3,26738,12,5,0.130385813
1,2,3,中指屈曲,4,1,3,26738,12,6,0.145440390
1,2,3,中指屈曲,4,1,3,26738,12,7,0.155767828
1,2,3,中指屈曲,4,1,3,26738,12,8,0.165511431
1,2,3,中指屈曲,4,1,3,26738,12,9,0.175862714
1,2,3,中指屈曲,4,1,3,26738,12,10,0.185607051
1,2,3,中指屈曲,4,1,3,26738,12,11,0.195173103
1,2,3,中指屈曲,4,1,3,26738,13,1,0.049154421
1,2,3,中指屈曲,4,1,3,26738,13,2,0.097015660
1,2,3,中指屈曲,4,1,3,26738,13,3,0.121138189
1,2,3,中指屈曲,4,1,3,26738,13,4,0.136876787
1,2,3,中指屈曲,4,1,3,26738,13,5,0.152879469
1,2,3,中指屈曲,4,1,3,26738,13,6,0.166230348
1,2,3,中指屈曲,4,1,3,26738,13,7,0.182242739
1,2,3,中指屈曲,4,1,3,26738,13,8,0.193104786
1,2,3,中指屈曲,4,1,3,26738,14,1,0.048778133
1,2,3,中指屈曲,4,1,3,26738,14,2,0.099756771
1,2,3,中指屈曲,4,1,3,26738,14,3,0.111157056
1,2,3,中指屈曲,4,1,3,26738,14,4,0.122444676
1,2,3,中指屈曲,4,1,3,26738,14,5,0.131945339
1,2,3,中指屈曲,4,1,3,26738,14,6,0.142569222
1,2,3,中指屈曲,4,1,3,26738,14,7,0.152953584
1,2,3,中指屈曲,4,1,3,26738,14,8,0.161577784
1,2,3,中指屈曲,4,1,3,26738,14,9,0.169799755
1,2,3,中指屈曲,4,1,3,26738,14,10,0.178245104
1,2,3,中指屈曲,4,1,3,26738,14,11,0.186984396
1,2,3,中指屈曲,4,1,3,26738,14,12,0.199724413
1,2,3,中指屈曲,4,1,3,26738,15,1,0.053424220
1,2,3,中指屈曲,4,1,3,26738,15,2,0.097591631
1,2,3,中指屈曲,4,1,3,26738,15,3,0.116501696
1,2,3,中指屈曲,4,1,3,26738,15,4,0.130558833
1,2,3,中指屈曲,4,1,3,26738,15,5,0.143030127
1,2,3,中指屈曲,4,1,3,26738,15,6,0.158061479
1,2,3,中指屈曲,4,1,3,26738,15,7,0.170155129
1,2,3,中指屈曲,4,1,3,26738,15,8,0.179987098
1,2,3,中指屈曲,4,1,3,26738,15,9,0.190335025
1,2,3,中指屈曲,4,1,3,26738,15,10,0.199714805
1,2,3,中指屈曲,4,1,3,26738,16,1,0.044550853
1,2,3,中指屈曲,4,1,3,26738,16,2,0.061600471
1,2,3,中指屈曲,4,1,3,26738,16,3,0.073372643
1,2,3,中指屈曲,4,1,3,26738,16,4,0.083137184
1,2,3,中指屈曲,4,1,3,26738,16,5,0.092035866
1,2,3,中指屈曲,4,1,3,26738,16,6,0.100680006
1,2,3,中指屈曲,4,1,3,26738,16,7,0.108833368
1,2,3,中指屈曲,4,1,3,26738,16,8,0.116408549
1,2,3,中指屈曲,4,1,3,26738,16,9,0.123817478
1,2,3,中指屈曲,4,1,3,26738,16,10,0.132910183
1,2,3,中指屈曲,4,1,3,26738,16,11,0.140934118
1,2,3,中指屈曲,4,1,3,26738,16,12,0.147947248
1,2,3,中指屈曲,4,1,3,26738,16,13,0.154766005
1,2,3,中指屈曲,4,1,3,26738,16,14,0.163187725
1,2,3,中指屈曲,4,1,3,26738,16,15,0.171347613
1,2,3,中指屈曲,4,1,3,26738,16,16,0.178729399
1,2,3,中指屈曲,4,1,3,26738,16,17,0.185536038
1,2,3,中指屈曲,4,1,3,26738,16,18,0.193891389
1,2,3,中指屈曲,5,2,6,32023,1,1,0.047942538
1,2,3,中指屈曲,5,2,6,32023,1,2,0.067453787
1,2,3,中指屈曲,5,2,6,32023,1,3,0.083306420
1,2,3,中指屈曲,5,2,6,32023,1,4,0.096257447
1,2,3,中指屈曲,5,2,6,32023,1,5,0.108041475
1,2,3,中指屈曲,5,2,6,32023,1,6,0.118394126
1,2,3,中指屈曲,5,2,6,32023,1,7,0.127360053
1,2,3,中指屈曲,5,2,6,32023,1,8,0.136038255
1,2,3,中指屈曲,5,2,6,32023,1,9,0.144475488
1,2,3,中指屈曲,5,2,6,32023,1,10,0.152198424
1,2,3,中指屈曲,5,2,6,32023,1,11,0.161490708
1,2,3,中指屈曲,5,2,6,32023,1,12,0.172189776
1,2,3,中指屈曲,5,2,6,32023,1,13,0.181116658
1,2,3,中指屈曲,5,2,6,32023,1,14,0.189510420
1,2,3,中指屈曲,5,2,6,32023,1,15,0.196832476
1,2,3,中指屈曲,5,2,6,32023,2,1,0.044106987
1,2,3,中指屈曲,5,2,6,32023,2,2,0.065425479
1,2,3,中指屈曲,5,2,6,32023,2,3,0.079359581
1,2,3,中指屈曲,5,2,6,32023,2,4,0.089155822
1,2,3,中指屈曲,5,2,6,32023,2,5,0.101031769
1,2,3,中指屈曲,5,2,6,32023,2,6,0.110611481
1,2,3,中指屈曲,5,2,6,32023,2,7,0.118936108
1,2,3,中指屈曲,5,2,6,32023,2,8,0.126415531
1,2,3,中指屈曲,5,2,6,32023,2,9,0.133594460
1,2,3,中指屈曲,5,2,6,32023,2,10,0.140525309
1,2,3,中指屈曲,5,2,6,32023,2,11,0.147091220
1,2,3,中指屈曲,5,2,6,32023,2,12,0.153533529
1,2,3,中指屈曲,5,2,6,32023,2,13,0.159957683
1,2,3,中指屈曲,5,2,6,32023,2,14,0.166302805
1,2,3,中指屈曲,5,2,6,32023,2,15,0.172371139
1,2,3,中指屈曲,5,2,6,32023,2,16,0.178341840
1,2,3,中指屈曲,5,2,6,32023,2,17,0.184065041
1,2,3,中指屈曲,5,2,6,32023,2,18,0.189520147
1,2,3,中指屈曲,5,2,6,32023,2,19,0.194818347
1,2,3,中指屈曲,5,2,6,32023,3,1,0.052067691
1,2,3,中指屈曲,5,2,6,32023,3,2,0.069302235
1,2,3,中指屈曲,5,2,6,32023,3,3,0.081303814
1,2,3,中指屈曲,5,2,6,32023,3,4,0.091075211
1,2,3,中指屈曲,5,2,6,32023,3,5,0.102338891
1,2,3,中指屈曲,5,2,6,32023,3,6,0.112548577
1,2,3,中指屈曲,5,2,6,32023,3,7,0.120854153
1,2,3,中指屈曲,5,2,6,32023,3,8,0.128506667
1,2,3,中指屈曲,5,2,6,32023,3,9,0.135761650
1,2,3,中指屈曲,5,2,6,32023,3,10,0.142478333
1,2,3,中指屈曲,5,2,6,32023,3,11,0.148846898
1,2,3,中指屈曲,5,2,6,32023,3,12,0.155449764
1,2,3,中指屈曲,5,2,6,32023,3,13,0.162988344
1,2,3,中指屈曲,5,2,6,32023,3,14,0.170809809
1,2,3,中指屈曲,5,2,6,32023,3,15,0.177756715
1,2,3,中指屈曲,5,2,6,32023,3,16,0.184008194
1,2,3,中指屈曲,5,2,6,32023,3,17,0.189831943
1,2,3,中指屈曲,5,2,6,32023,3,18,0.195553544
1,2,3,中指屈曲,5,2,6,32023,4,1,0.049591611
1,2,3,中指屈曲,5,2,6,32023,4,2,0.074034201
1,2,3,中指屈曲,5,2,6,32023,4,3,0.086821261
1,2,3,中指屈曲,5,2,6,32023,4,4,0.098403279
1,2,3,中指屈曲,5,2,6,32023,4,5,0.110790342
1,2,3,中指屈曲,5,2,6,32023,4,6,0.119850744
1,2,3,中指屈曲,5,2,6,32023,4,7,0.127883163
1,2,3,中指屈曲,5,2,6,32023,4,8,0.135836252
1,2,3,中指屈曲,5,2,6,32023,4,9,0.144641534
1,2,3,中指屈曲,5,2,6,32023,4,10,0.153893784
1,2,3,中指屈曲,5,2,6,32023,4,11,0.163370717
1,2,3,中指屈曲,5,2,6,32023,4,12,0.172267908
1,2,3,中指屈曲,5,2,6,32023,4,13,0.182711323
1,2,3,中指屈曲,5,2,6,32023,4,14,0.191733101
1,2,3,中指屈曲,5,2,6,32023,5,1,0.059809517
1,2,3,中指屈曲,5,2,6,32023,5,2,0.079613708
1,2,3,中指屈曲,5,2,6,32023,5,3,0.093330509
1,2,3,中指屈曲,5,2,6,32023,5,4,0.104719841
1,2,3,中指屈曲,5,2,6,32023,5,5,0.114225061
1,2,3,中指屈曲,5,2,6,32023,5,6,0.123987363
1,2,3,中指屈曲,5,2,6,32023,5,7,0.134701831
1,2,3,中指屈曲,5,2,6,32023,5,8,0.144030721
1,2,3,中指屈曲,5,2,6,32023,5,9,0.156454336
1,2,3,中指屈曲,5,2,6,32023,5,10,0.166946121
1,2,3,中指屈曲,5,2,6,32023,5,11,0.174855568
1,2,3,中指屈曲,5,2,6,32023,5,12,0.182418228
1,2,3,中指屈曲,5,2,6,32023,5,13,0.189733945
1,2,3,中指屈曲,5,2,6,32023,5,14,0.197386973
1,2,3,中指屈曲,5,2,6,32023,6,1,0.073994405
1,2,3,中指屈曲,5,2,6,32023,6,2,0.098998435
1,2,3,中指屈曲,5,2,6,32023,6,3,0.125616141
1,2,3,中指屈曲,5,2,6,32023,6,4,0.138077553
1,2,3,中指屈曲,5,2,6,32023,6,5,0.150080256
1,2,3,中指屈曲,5,2,6,32023,6,6,0.160839320
1,2,3,中指屈曲,5,2,6,32023,6,7,0.171199359
1,2,3,中指屈曲,5,2,6,32023,6,8,0.182399684
1,2,3,中指屈曲,5,2,6,32023,6,9,0.193312746
1,2,3,中指屈曲,5,2,6,32023,7,1,0.051197589
1,2,3,中指屈曲,5,2,6,32023,7,2,0.072860731
1,2,3,中指屈曲,5,2,6,32023,7,3,0.089672778
1,2,3,中指屈曲,5,2,6,32023,7,4,0.106645316
1,2,3,中指屈曲,5,2,6,32023,7,5,0.119128231
1,2,3,中指屈曲,5,2,6,32023,7,6,0.130025747
1,2,3,中指屈曲,5,2,6,32023,7,7,0.138868927
1,2,3,中指屈曲,5,2,6,32023,7,8,0.146696415
1,2,3,中指屈曲,5,2,6,32023,7,9,0.154793033
1,2,3,中指屈曲,5,2,6,32023,7,10,0.164754147
1,2,3,中指屈曲,5,2,6,32023,7,11,0.173809622
1,2,3,中指屈曲,5,2,6,32023,7,12,0.182622755
1,2,3,中指屈曲,5,2,6,32023,7,13,0.190124142
1,2,3,中指屈曲,5,2,6,32023,7,14,0.197906151
1,2,3,中指屈曲,5,2,6,32023,8,1,0.049258362
1,2,3,中指屈曲,5,2,6,32023,8,2,0.070900353
1,2,3,中指屈曲,5,2,6,32023,8,3,0.085157662
1,2,3,中指屈曲,5,2,6,32023,8,4,0.097078773
1,2,3,中指屈曲,5,2,6,32023,8,5,0.106776820
1,2,3,中指屈曲,5,2,6,32023,8,6,0.115798671
1,2,3,中指屈曲,5,2,6,32023,8,7,0.126778481
1,2,3,中指屈曲,5,2,6,32023,8,8,0.135852386
1,2,3,中指屈曲,5,2,6,32023,8,9,0.144820953
1,2,3,中指屈曲,5,2,6,32023,8,10,0.155078905
1,2,3,中指屈曲,5,2,6,32023,8,11,0.165400198
1,2,3,中指屈曲,5,2,6,32023,8,12,0.175103803
1,2,3,中指屈曲,5,2,6,32023,8,13,0.183941008
1,2,3,中指屈曲,5,2,6,32023,8,14,0.192275373
1,2,3,中指屈曲,5,2,6,32023,9,1,0.044013879
1,2,3,中指屈曲,5,2,6,32023,9,2,0.073408519
1,2,3,中指屈曲,5,2,6,32023,9,3,0.083848541
1,2,3,中指屈曲,5,2,6,32023,9,4,0.095217951
1,2,3,中指屈曲,5,2,6,32023,9,5,0.105901449
1,2,3,中指屈曲,5,2,6,32023,9,6,0.116462533
1,2,3,中指屈曲,5,2,6,32023,9,7,0.126992181
1,2,3,中指屈曲,5,2,6,32023,9,8,0.135597843
1,2,3,中指屈曲,5,2,6,32023,9,9,0.143179218
1,2,3,中指屈曲,5,2,6,32023,9,10,0.150042795
1,2,3,中指屈曲,5,2,6,32023,9,11,0.157489831
1,2,3,中指屈曲,5,2,6,32023,9,12,0.166218577
1,2,3,中指屈曲,5,2,6,32023,9,13,0.174135756
1,2,3,中指屈曲,5,2,6,32023,9,14,0.181106350
1,2,3,中指屈曲,5,2,6,32023,9,15,0.188461625
1,2,3,中指屈曲,5,2,6,32023,9,16,0.197611446
1,2,3,中指屈曲,5,2,6,32023,10,1,0.056040734
1,2,3,中指屈曲,5,2,6,32023,10,2,0.077833339
1,2,3,中指屈曲,5,2,6,32023,10,3,0.093530288
1,2,3,中指屈曲,5,2,6,32023,10,4,0.106836937
1,2,3,中指屈曲,5,2,6,32023,10,5,0.119831765
1,2,3,中指屈曲,5,2,6,32023,10,6,0.130775506
1,2,3,中指屈曲,5,2,6,32023,10,7,0.140411443
1,2,3,中指屈曲,5,2,6,32023,10,8,0.148397048
1,2,3,中指屈曲,5,2,6,32023,10,9,0.156014774
1,2,3,中指屈曲,5,2,6,32023,10,10,0.165343110
1,2,3,中指屈曲,5,2,6,32023,10,11,0.173973171
1,2,3,中指屈曲,5,2,6,32023,10,12,0.182200926
1,2,3,中指屈曲,5,2,6,32023,10,13,0.191323066
1,2,3,中指屈曲,5,2,6,32023,10,14,0.199968018
1,2,3,中指屈曲,5,2,6,32023,11,1,0.047765090
1,2,3,中指屈曲,5,2,6,32023,11,2,0.070258698
1,2,3,中指屈曲,5,2,6,32023,11,3,0.088056611
1,2,3,中指屈曲,5,2,6,32023,11,4,0.099243535
1,2,3,中指屈曲,5,2,6,32023,11,5,0.114129240
1,2,3,中指屈曲,5,2,6,32023,11,6,0.126230740
1,2,3,中指屈曲,5,2,6,32023,11,7,0.136472820
1,2,3,中指屈曲,5,2,6,32023,11,8,0.145728393
1,2,3,中指屈曲,5,2,6,32023,11,9,0.153741428
1,2,3,中指屈曲,5,2,6,32023,11,10,0.160908385
1,2,3,中指屈曲,5,2,6,32023,11,11,0.167558024
1,2,3,中指屈曲,5,2,6,32023,11,12,0.174248707
1,2,3,中指屈曲,5,2,6,32023,11,13,0.181123021
1,2,3,中指屈曲,5,2,6,32023,11,14,0.188118252
1,2,3,中指屈曲,5,2,6,32023,11,15,0.198725634
1,2,3,中指屈曲,5,2,6,32023,12,1,0.047514110
1,2,3,中指屈曲,5,2,6,32023,12,2,0.064350379
1,2,3,中指屈曲,5,2,6,32023,12,3,0.081549002
1,2,3,中指屈曲,5,2,6,32023,12,4,0.100474818
1,2,3,中指屈曲,5,2,6,32023,12,5,0.117342309
1,2,3,中指屈曲,5,2,6,32023,12,6,0.132764123
1,2,3,中指屈曲,5,2,6,32023,12,7,0.142855644
1,2,3,中指屈曲,5,2,6,32023,12,8,0.152009509
1,2,3,中指屈曲,5,2,6,32023,12,9,0.160660857
1,2,3,中指屈曲,5,2,6,32023,12,10,0.170479164
1,2,3,中指屈曲,5,2,6,32023,12,11,0.179653871
1,2,3,中指屈曲,5,2,6,32023,12,12,0.188431996
1,2,3,中指屈曲,5,2,6,32023,13,1,0.045385459
1,2,3,中指屈曲,5,2,6,32023,13,2,0.066515511
1,2,3,中指屈曲,5,2,6,32023,13,3,0.097293817
1,2,3,中指屈曲,5,2,6,32023,13,4,0.112904648
1,2,3,中指屈曲,5,2,6,32023,13,5,0.130707525
1,2,3,中指屈曲,5,2,6,32023,13,6,0.142688899
1,2,3,中指屈曲,5,2,6,32023,13,7,0.154948414
1,2,3,中指屈曲,5,2,6,32023,13,8,0.167733587
1,2,3,中指屈曲,5,2,6,32023,13,9,0.180480130
1,2,3,中指屈曲,5,2,6,32023,13,10,0.193935447
1,2,3,中指屈曲,5,2,6,32023,14,1,0.050187923
1,2,3,中指屈曲,5,2,6,32023,14,2,0.075595927
1,2,3,中指屈曲,5,2,6,32023,14,3,0.091895796
1,2,3,中指屈曲,5,2,6,32023,14,4,0.105100472
1,2,3,中指屈曲,5,2,6,32023,14,5,0.131315971
1,2,3,中指屈曲,5,2,6,32023,14,6,0.144688632
1,2,3,中指屈曲,5,2,6,32023,14,7,0.155147241
1,2,3,中指屈曲,5,2,6,32023,14,8,0.163786463
1,2,3,中指屈曲,5,2,6,32023,14,9,0.172025638
1,2,3,中指屈曲,5,2,6,32023,14,10,0.179316436
1,2,3,中指屈曲,5,2,6,32023,14,11,0.187114128
1,2,3,中指屈曲,5,2,6,32023,14,12,0.199823678
1,2,3,中指屈曲,5,2,6,32023,15,1,0.041129203
1,2,3,中指屈曲,5,2,6,32023,15,2,0.070715945
1,2,3,中指屈曲,5,2,6,32023,15,3,0.088117333
1,2,3,中指屈曲,5,2,6,32023,15,4,0.101977214
1,2,3,中指屈曲,5,2,6,32023,15,5,0.112486957
1,2,3,中指屈曲,5,2,6,32023,15,6,0.121895627
1,2,3,中指屈曲,5,2,6,32023,15,7,0.130249222
1,2,3,中指屈曲,5,2,6,32023,15,8,0.138001450
1,2,3,中指屈曲,5,2,6,32023,15,9,0.145207254
1,2,3,中指屈曲,5,2,6,32023,15,10,0.153183969
1,2,3,中指屈曲,5,2,6,32023,15,11,0.162436234
1,2,3,中指屈曲,5,2,6,32023,15,12,0.170429520
1,2,3,中指屈曲,5,2,6,32023,15,13,0.178011530
1,2,3,中指屈曲,5,2,6,32023,15,14,0.187072535
1,2,3,中指屈曲,5,2,6,32023,15,15,0.197152900
1,2,3,中指屈曲,5,2,6,32023,16,1,0.043249312
1,2,3,中指屈曲,5,2,6,32023,16,2,0.059391959
1,2,3,中指屈曲,5,2,6,32023,16,3,0.073842902
1,2,3,中指屈曲,5,2,6,32023,16,4,0.087345922
1,2,3,中指屈曲,5,2,6,32023,16,5,0.097632565
1,2,3,中指屈曲,5,2,6,32023,16,6,0.109167045
1,2,3,中指屈曲,5,2,6,32023,16,7,0.118833939
1,2,3,中指屈曲,5,2,6,32023,16,8,0.126898555
1,2,3,中指屈曲,5,2,6,32023,16,9,0.134385655
1,2,3,中指屈曲,5,2,6,32023,16,10,0.141497894
1,2,3,中指屈曲,5,2,6,32023,16,11,0.148211829
1,2,3,中指屈曲,5,2,6,32023,16,12,0.154613100
1,2,3,中指屈曲,5,2,6,32023,16,13,0.162372774
1,2,3,中指屈曲,5,2,6,32023,16,14,0.170489369
1,2,3,中指屈曲,5,2,6,32023,16,15,0.177574173
1,2,3,中指屈曲,5,2,6,32023,16,16,0.184033076
1,2,3,中指屈曲,5,2,6,32023,16,17,0.190424094
1,2,3,中指屈曲,5,2,6,32023,16,18,0.196916005
1,3,4,中指伸展,6,1,4,39344,1,1,0.050619558
1,3,4,中指伸展,6,1,4,39344,1,2,0.077732433
1,3,4,中指伸展,6,1,4,39344,1,3,0.115525868
1,3,4,中指伸展,6,1,4,39344,1,4,0.132765944
1,3,4,中指伸展,6,1,4,39344,1,5,0.146325132
1,3,4,中指伸展,6,1,4,39344,1,6,0.157730758
1,3,4,中指伸展,6,1,4,39344,1,7,0.170766032
1,3,4,中指伸展,6,1,4,39344,1,8,0.184029112
1,3,4,中指伸展,6,1,4,39344,1,9,0.194894147
1,3,4,中指伸展,6,1,4,39344,2,1,0.106866553
1,3,4,中指伸展,6,1,4,39344,2,2,0.136020826
1,3,4,中指伸展,6,1,4,39344,2,3,0.148650177
1,3,4,中指伸展,6,1,4,39344,2,4,0.164081095
1,3,4,中指伸展,6,1,4,39344,2,5,0.193530145
1,3,4,中指伸展,6,1,4,39344,3,1,0.112296865
1,3,4,中指伸展,6,1,4,39344,3,2,0.148346308
1,3,4,中指伸展,6,1,4,39344,3,3,0.184863789
1,3,4,中指伸展,6,1,4,39344,4,1,0.058824138
1,3,4,中指伸展,6,1,4,39344,4,2,0.086216574
1,3,4,中指伸展,6,1,4,39344,4,3,0.110162178
1,3,4,中指伸展,6,1,4,39344,4,4,0.151496918
1,3,4,中指伸展,6,1,4,39344,4,5,0.178687169
1,3,4,中指伸展,6,1,4,39344,4,6,0.193442087
1,3,4,中指伸展,6,1,4,39344,5,1,0.054304521
1,3,4,中指伸展,6,1,4,39344,5,2,0.075575633
1,3,4,中指伸展,6,1,4,39344,5,3,0.091326181
1,3,4,中指伸展,6,1,4,39344,5,4,0.103976380
1,3,4,中指伸展,6,1,4,39344,5,5,0.117268001
1,3,4,中指伸展,6,1,4,39344,5,6,0.128333085
1,3,4,中指伸展,6,1,4,39344,5,7,0.139172135
1,3,4,中指伸展,6,1,4,39344,5,8,0.150494369
1,3,4,中指伸展,6,1,4,39344,5,9,0.158930658
1,3,4,中指伸展,6,1,4,39344,5,10,0.166646179
1,3,4,中指伸展,6,1,4,39344,5,11,0.174418311
1,3,4,中指伸展,6,1,4,39344,5,12,0.182516102
1,3,4,中指伸展,6,1,4,39344,5,13,0.191009523
1,3,4,中指伸展,6,1,4,39344,5,14,0.198760922
1,3,4,中指伸展,6,1,4,39344,6,1,0.049282125
1,3,4,中指伸展,6,1,4,39344,6,2,0.071689902
1,3,4,中指伸展,6,1,4,39344,6,3,0.086632349
1,3,4,中指伸展,6,1,4,39344,6,4,0.103635632
1,3,4,中指伸展,6,1,4,39344,6,5,0.117306768
1,3,4,中指伸展,6,1,4,39344,6,6,0.131421017
1,3,4,中指伸展,6,1,4,39344,6,7,0.143063452
1,3,4,中指伸展,6,1,4,39344,6,8,0.153252821
1,3,4,中指伸展,6,1,4,39344,6,9,0.163682179
1,3,4,中指伸展,6,1,4,39344,6,10,0.171980479
1,3,4,中指伸展,6,1,4,39344,6,11,0.179446885
1,3,4,中指伸展,6,1,4,39344,6,12,0.187568107
1,3,4,中指伸展,6,1,4,39344,6,13,0.196956330
1,3,4,中指伸展,6,1,4,39344,7,1,0.053478009
1,3,4,中指伸展,6,1,4,39344,7,2,0.084205000
1,3,4,中指伸展,6,1,4,39344,7,3,0.097351212
1,3,4,中指伸展,6,1,4,39344,7,4,0.107715360
1,3,4,中指伸展,6,1,4,39344,7,5,0.116361230
1,3,4,中指伸展,6,1,4,39344,7,6,0.126420492
1,3,4,中指伸展,6,1,4,39344,7,7,0.136680008
1,3,4,中指伸展,6,1,4,39344,7,8,0.145349741
1,3,4,中指伸展,6,1,4,39344,7,9,0.154553510
1,3,4,中指伸展,6,1,4,39344,7,10,0.162214032
1,3,4,中指伸展,6,1,4,39344,7,11,0.169221791
1,3,4,中指伸展,6,1,4,39344,7,12,0.175990939
1,3,4,中指伸展,6,1,4,39344,7,13,0.183021704
1,3,4,中指伸展,6,1,4,39344,7,14,0.191016783
1,3,4,中指伸展,6,1,4,39344,7,15,0.198398150
1,3,4,中指伸展,6,1,4,39344,8,1,0.059961880
1,3,4,中指伸展,6,1,4,39344,8,2,0.091439448
1,3,4,中指伸展,6,1,4,39344,8,3,0.110863581
1,3,4,中指伸展,6,1,4,39344,8,4,0.125233381
1,3,4,中指伸展,6,1,4,39344,8,5,0.137703714
1,3,4,中指伸展,6,1,4,39344,8,6,0.148400157
1,3,4,中指伸展,6,1,4,39344,8,7,0.158868383
1,3,4,中指伸展,6,1,4,39344,8,8,0.168464385
1,3,4,中指伸展,6,1,4,39344,8,9,0.176934869
1,3,4,中指伸展,6,1,4,39344,8,10,0.184806936
1,3,4,中指伸展,6,1,4,39344,8,11,0.193985841
1,3,4,中指伸展,6,1,4,39344,9,1,0.050383416
1,3,4,中指伸展,6,1,4,39344,9,2,0.086587438
1,3,4,中指伸展,6,1,4,39344,9,3,0.104605795
1,3,4,中指伸展,6,1,4,39344,9,4,0.121819061
1,3,4,中指伸展,6,1,4,39344,9,5,0.133830091
1,3,4,中指伸展,6,1,4,39344,9,6,0.144195598
1,3,4,中指伸展,6,1,4,39344,9,7,0.156712161
1,3,4,中指伸展,6,1,4,39344,9,8,0.167187722
1,3,4,中指伸展,6,1,4,39344,9,9,0.177542009
1,3,4,中指伸展,6,1,4,39344,9,10,0.186668832
1,3,4,中指伸展,6,1,4,39344,9,11,0.194487938
1,3,4,中指伸展,6,1,4,39344,10,1,0.044899623
1,3,4,中指伸展,6,1,4,39344,10,2,0.074929400
1,3,4,中指伸展,6,1,4,39344,10,3,0.098211870
1,3,4,中指伸展,6,1,4,39344,10,4,0.125164424
1,3,4,中指伸展,6,1,4,39344,10,5,0.142648246
1,3,4,中指伸展,6,1,4,39344,10,6,0.159031461
1,3,4,中指伸展,6,1,4,39344,10,7,0.173790323
1,3,4,中指伸展,6,1,4,39344,10,8,0.190037604
1,3,4,中指伸展,6,1,4,39344,11,1,0.075585905
1,3,4,中指伸展,6,1,4,39344,11,2,0.114453094
1,3,4,中指伸展,6,1,4,39344,11,3,0.140796423
1,3,4,中指伸展,6,1,4,39344,11,4,0.153826375
1,3,4,中指伸展,6,1,4,39344,11,5,0.167766572
1,3,4,中指伸展,6,1,4,39344,11,6,0.179169830
1,3,4,中指伸展,6,1,4,39344,11,7,0.190808531
1,3,4,中指伸展,6,1,4,39344,12,1,0.051725229
1,3,4,中指伸展,6,1,4,39344,12,2,0.073855788
1,3,4,中指伸展,6,1,4,39344,12,3,0.084906967
1,3,4,中指伸展,6,1,4,39344,12,4,0.094916668
1,3,4,中指伸展,6,1,4,39344,12,5,0.104554221
1,3,4,中指伸展,6,1,4,39344,12,6,0.114569036
1,3,4,中指伸展,6,1,4,39344,12,7,0.124852463
1,3,4,中指伸展,6,1,4,39344,12,8,0.134998160
1,3,4,中指伸展,6,1,4,39344,12,9,0.144348655
1,3,4,中指伸展,6,1,4,39344,12,10,0.153446087
1,3,4,中指伸展,6,1,4,39344,12,11,0.163919683
1,3,4,中指伸展,6,1,4,39344,12,12,0.172329504
1,3,4,中指伸展,6,1,4,39344,12,13,0.179360664
1,3,4,中指伸展,6,1,4,39344,12,14,0.186465663
1,3,4,中指伸展,6,1,4,39344,12,15,0.194448676
1,3,4,中指伸展,6,1,4,39344,13,1,0.045220432
1,3,4,中指伸展,6,1,4,39344,13,2,0.068615796
1,3,4,中指伸展,6,1,4,39344,13,3,0.091447077
1,3,4,中指伸展,6,1,4,39344,13,4,0.105198236
1,3,4,中指伸展,6,1,4,39344,13,5,0.119015092
1,3,4,中指伸展,6,1,4,39344,13,6,0.132097871
1,3,4,中指伸展,6,1,4,39344,13,7,0.146660363
1,3,4,中指伸展,6,1,4,39344,13,8,0.166451544
1,3,4,中指伸展,6,1,4,39344,13,9,0.177775776
1,3,4,中指伸展,6,1,4,39344,13,10,0.187679013
1,3,4,中指伸展,6,1,4,39344,13,11,0.197545074
1,3,4,中指伸展,6,1,4,39344,14,1,0.072486704
1,3,4,中指伸展,6,1,4,39344,14,2,0.092652457
1,3,4,中指伸展,6,1,4,39344,14,3,0.103325911
1,3,4,中指伸展,6,1,4,39344,14,4,0.114310527
1,3,4,中指伸展,6,1,4,39344,14,5,0.127135402
1,3,4,中指伸展,6,1,4,39344,14,6,0.140047578
1,3,4,中指伸展,6,1,4,39344,14,7,0.150759822
1,3,4,中指伸展,6,1,4,39344,14,8,0.162496206
1,3,4,中指伸展,6,1,4,39344,14,9,0.172076891
1,3,4,中指伸展,6,1,4,39344,14,10,0.181439379
1,3,4,中指伸展,6,1,4,39344,14,11,0.189980040
1,3,4,中指伸展,6,1,4,39344,14,12,0.197228113
1,3,4,中指伸展,6,1,4,39344,15,1,0.089511174
1,3,4,中指伸展,6,1,4,39344,15,2,0.109781653
1,3,4,中指伸展,6,1,4,39344,15,3,0.125517516
1,3,4,中指伸展,6,1,4,39344,15,4,0.141047067
1,3,4,中指伸展,6,1,4,39344,15,5,0.162859170
1,3,4,中指伸展,6,1,4,39344,15,6,0.176395905
1,3,4,中指伸展,6,1,4,39344,15,7,0.188527169
1,3,4,中指伸展,6,1,4,39344,15,8,0.199165152
1,3,4,中指伸展,6,1,4,39344,16,1,0.045228582
1,3,4,中指伸展,6,1,4,39344,16,2,0.067215352
1,3,4,中指伸展,6,1,4,39344,16,3,0.081717890
1,3,4,中指伸展,6,1,4,39344,16,4,0.091256097
1,3,4,中指伸展,6,1,4,39344,16,5,0.099721031
1,3,4,中指伸展,6,1,4,39344,16,6,0.107944275
1,3,4,中指伸展,6,1,4,39344,16,7,0.115699482
1,3,4,中指伸展,6,1,4,39344,16,8,0.124600787
1,3,4,中指伸展,6,1,4,39344,16,9,0.133728621
1,3,4,中指伸展,6,1,4,39344,16,10,0.141464621
1,3,4,中指伸展,6,1,4,39344,16,11,0.148511257
1,3,4,中指伸展,6,1,4,39344,16,12,0.155613115
1,3,4,中指伸展,6,1,4,39344,16,13,0.162303934
1,3,4,中指伸展,6,1,4,39344,16,14,0.168662044
1,3,4,中指伸展,6,1,4,39344,16,15,0.176656625
1,3,4,中指伸展,6,1,4,39344,16,16,0.184866363
1,3,4,中指伸展,6,1,4,39344,16,17,0.191645052
1,3,4,中指伸展,6,1,4,39344,16,18,0.197731103
1,3,4,中指伸展,7,2,6,42667,1,1,0.057741438
1,3,4,中指伸展,7,2,6,42667,1,2,0.092011318
1,3,4,中指伸展,7,2,6,42667,1,3,0.106230192
1,3,4,中指伸展,7,2,6,42667,1,4,0.116563038
1,3,4,中指伸展,7,2,6,42667,1,5,0.126986199
1,3,4,中指伸展,7,2,6,42667,1,6,0.137148678
1,3,4,中指伸展,7,2,6,42667,1,7,0.147751305
1,3,4,中指伸展,7,2,6,42667,1,8,0.159179965
1,3,4,中指伸展,7,2,6,42667,1,9,0.168368806
1,3,4,中指伸展,7,2,6,42667,1,10,0.177216600
1,3,4,中指伸展,7,2,6,42667,1,11,0.186157911
1,3,4,中指伸展,7,2,6,42667,1,12,0.194707986
1,3,4,中指伸展,7,2,6,42667,2,1,0.089413252
1,3,4,中指伸展,7,2,6,42667,2,2,0.120448113
1,3,4,中指伸展,7,2,6,42667,2,3,0.149054031
1,3,4,中指伸展,7,2,6,42667,2,4,0.166432539
1,3,4,中指伸展,7,2,6,42667,2,5,0.178410044
1,3,4,中指伸展,7,2,6,42667,3,1,0.091687729
1,3,4,中指伸展,7,2,6,42667,3,2,0.144524721
1,3,4,中指伸展,7,2,6,42667,3,3,0.167640303
1,3,4,中指伸展,7,2,6,42667,3,4,0.197409652
1,3,4,中指伸展,7,2,6,42667,4,1,0.068852570
1,3,4,中指伸展,7,2,6,42667,4,2,0.105485953
1,3,4,中指伸展,7,2,6,42667,4,3,0.134890187
1,3,4,中指伸展,7,2,6,42667,4,4,0.148997752
1,3,4,中指伸展,7,2,6,42667,4,5,0.169167335
1,3,4,中指伸展,7,2,6,42667,4,6,0.180646483
1,3,4,中指伸展,7,2,6,42667,4,7,0.195637797
1,3,4,中指伸展,7,2,6,42667,5,1,0.047763497
1,3,4,中指伸展,7,2,6,42667,5,2,0.069744740
1,3,4,中指伸展,7,2,6,42667,5,3,0.086390443
1,3,4,中指伸展,7,2,6,42667,5,4,0.100843683
1,3,4,中指伸展,7,2,6,42667,5,5,0.112302900
1,3,4,中指伸展,7,2,6,42667,5,6,0.122359817
1,3,4,中指伸展,7,2,6,42667,5,7,0.134831097
1,3,4,中指伸展,7,2,6,42667,5,8,0.143354262
1,3,4,中指伸展,7,2,6,42667,5,9,0.151646982
1,3,4,中指伸展,7,2,6,42667,5,10,0.159601620
1,3,4,中指伸展,7,2,6,42667,5,11,0.167114700
1,3,4,中指伸展,7,2,6,42667,5,12,0.174300848
1,3,4,中指伸展,7,2,6,42667,5,13,0.182432395
1,3,4,中指伸展,7,2,6,42667,5,14,0.189803798
1,3,4,中指伸展,7,2,6,42667,5,15,0.196906047
1,3,4,中指伸展,7,2,6,42667,6,1,0.062798007
1,3,4,中指伸展,7,2,6,42667,6,2,0.083003899
1,3,4,中指伸展,7,2,6,42667,6,3,0.097120863
1,3,4,中指伸展,7,2,6,42667,6,4,0.113130307
1,3,4,中指伸展,7,2,6,42667,6,5,0.130767116
1,3,4,中指伸展,7,2,6,42667,6,6,0.142225607
1,3,4,中指伸展,7,2,6,42667,6,7,0.153899769
1,3,4,中指伸展,7,2,6,42667,6,8,0.165506996
1,3,4,中指伸展,7,2,6,42667,6,9,0.176566853
1,3,4,中指伸展,7,2,6,42667,6,10,0.185512329
1,3,4,中指伸展,7,2,6,42667,6,11,0.194439018
1,3,4,中指伸展,7,2,6,42667,7,1,0.052867987
1,3,4,中指伸展,7,2,6,42667,7,2,0.081067210
1,3,4,中指伸展,7,2,6,42667,7,3,0.093535391
1,3,4,中指伸展,7,2,6,42667,7,4,0.105352722
1,3,4,中指伸展,7,2,6,42667,7,5,0.118335222
1,3,4,中指伸展,7,2,6,42667,7,6,0.128734654
1,3,4,中指伸展,7,2,6,42667,7,7,0.139877608
1,3,4,中指伸展,7,2,6,42667,7,8,0.151410005
1,3,4,中指伸展,7,2,6,42667,7,9,0.161909639
1,3,4,中指伸展,7,2,6,42667,7,10,0.172346185
1,3,4,中指伸展,7,2,6,42667,7,11,0.181823772
1,3,4,中指伸展,7,2,6,42667,7,12,0.190294616
1,3,4,中指伸展,7,2,6,42667,7,13,0.197789931
1,3,4,中指伸展,7,2,6,42667,8,1,0.049748196
1,3,4,中指伸展,7,2,6,42667,8,2,0.091322775
1,3,4,中指伸展,7,2,6,42667,8,3,0.105906188
1,3,4,中指伸展,7,2,6,42667,8,4,0.116909046
1,3,4,中指伸展,7,2,6,42667,8,5,0.128812761
1,3,4,中指伸展,7,2,6,42667,8,6,0.140451890
1,3,4,中指伸展,7,2,6,42667,8,7,0.150840982
1,3,4,中指伸展,7,2,6,42667,8,8,0.160605845
1,3,4,中指伸展,7,2,6,42667,8,9,0.170531041
1,3,4,中指伸展,7,2,6,42667,8,10,0.178514021
1,3,4,中指伸展,7,2,6,42667,8,11,0.189099667
1,3,4,中指伸展,7,2,6,42667,8,12,0.199141783
1,3,4,中指伸展,7,2,6,42667,9,1,0.051447262
1,3,4,中指伸展,7,2,6,42667,9,2,0.074407201
1,3,4,中指伸展,7,2,6,42667,9,3,0.087422045
1,3,4,中指伸展,7,2,6,42667,9,4,0.100371930
1,3,4,中指伸展,7,2,6,42667,9,5,0.112447511
1,3,4,中指伸展,7,2,6,42667,9,6,0.121638802
1,3,4,中指伸展,7,2,6,42667,9,7,0.130189818
1,3,4,中指伸展,7,2,6,42667,9,8,0.138574245
1,3,4,中指伸展,7,2,6,42667,9,9,0.149171996
1,3,4,中指伸展,7,2,6,42667,9,10,0.158371104
1,3,4,中指伸展,7,2,6,42667,9,11,0.166724668
1,3,4,中指伸展,7,2,6,42667,9,12,0.173974176
1,3,4,中指伸展,7,2,6,42667,9,13,0.182555107
1,3,4,中指伸展,7,2,6,42667,9,14,0.190593943
1,3,4,中指伸展,7,2,6,42667,9,15,0.197471844
1,3,4,中指伸展,7,2,6,42667,10,1,0.070646478
1,3,4,中指伸展,7,2,6,42667,10,2,0.099926098
1,3,4,中指伸展,7,2,6,42667,10,3,0.170869951
1,3,4,中指伸展,7,2,6,42667,10,4,0.192185711
1,3,4,中指伸展,7,2,6,42667,11,1,0.073190997
1,3,4,中指伸展,7,2,6,42667,11,2,0.098126293
1,3,4,中指伸展,7,2,6,42667,11,3,0.131761443
1,3,4,中指伸展,7,2,6,42667,11,4,0.152081930
1,3,4,中指伸展,7,2,6,42667,11,5,0.176585332
1,3,4,中指伸展,7,2,6,42667,11,6,0.190886063
1,3,4,中指伸展,7,2,6,42667,12,1,0.047278234
1,3,4,中指伸展,7,2,6,42667,12,2,0.065945490
1,3,4,中指伸展,7,2,6,42667,12,3,0.080250311
1,3,4,中指伸展,7,2,6,42667,12,4,0.091438637
1,3,4,中指伸展,7,2,6,42667,12,5,0.100053042
1,3,4,中指伸展,7,2,6,42667,12,6,0.108070871
1,3,4,中指伸展,7,2,6,42667,12,7,0.116767742
1,3,4,中指伸展,7,2,6,42667,12,8,0.125931582
1,3,4,中指伸展,7,2,6,42667,12,9,0.135259122
1,3,4,中指伸展,7,2,6,42667,12,10,0.143923356
1,3,4,中指伸展,7,2,6,42667,12,11,0.151730205
1,3,4,中指伸展,7,2,6,42667,12,12,0.158733963
1,3,4,中指伸展,7,2,6,42667,12,13,0.165573666
1,3,4,中指伸展,7,2,6,42667,12,14,0.173699355
1,3,4,中指伸展,7,2,6,42667,12,15,0.181154597
1,3,4,中指伸展,7,2,6,42667,12,16,0.188204593
1,3,4,中指伸展,7,2,6,42667,12,17,0.196370194
1,3,4,中指伸展,7,2,6,42667,13,1,0.052397617
1,3,4,中指伸展,7,2,6,42667,13,2,0.071542779
1,3,4,中指伸展,7,2,6,42667,13,3,0.082903545
1,3,4,中指伸展,7,2,6,42667,13,4,0.095003506
1,3,4,中指伸展,7,2,6,42667,13,5,0.107295917
1,3,4,中指伸展,7,2,6,42667,13,6,0.123685928
1,3,4,中指伸展,7,2,6,42667,13,7,0.134767496
1,3,4,中指伸展,7,2,6,42667,13,8,0.143108184
1,3,4,中指伸展,7,2,6,42667,13,9,0.151592629
1,3,4,中指伸展,7,2,6,42667,13,10,0.162383173
1,3,4,中指伸展,7,2,6,42667,13,11,0.172853831
1,3,4,中指伸展,7,2,6,42667,13,12,0.183626827
1,3,4,中指伸展,7,2,6,42667,13,13,0.193627007
1,3,4,中指伸展,7,2,6,42667,14,1,0.061076822
1,3,4,中指伸展,7,2,6,42667,14,2,0.082243606
1,3,4,中指伸展,7,2,6,42667,14,3,0.097334076
1,3,4,中指伸展,7,2,6,42667,14,4,0.113223499
1,3,4,中指伸展,7,2,6,42667,14,5,0.124027835
1,3,4,中指伸展,7,2,6,42667,14,6,0.133192612
1,3,4,中指伸展,7,2,6,42667,14,7,0.143323454
1,3,4,中指伸展,7,2,6,42667,14,8,0.153822460
1,3,4,中指伸展,7,2,6,42667,14,9,0.163164521
1,3,4,中指伸展,7,2,6,42667,14,10,0.173588971
1,3,4,中指伸展,7,2,6,42667,14,11,0.188394568
1,3,4,中指伸展,7,2,6,42667,15,1,0.066249448
1,3,4,中指伸展,7,2,6,42667,15,2,0.110659276
1,3,4,中指伸展,7,2,6,42667,15,3,0.129814868
1,3,4,中指伸展,7,2,6,42667,15,4,0.144012267
1,3,4,中指伸展,7,2,6,42667,15,5,0.156011516
1,3,4,中指伸展,7,2,6,42667,15,6,0.168821397
1,3,4,中指伸展,7,2,6,42667,15,7,0.182382317
1,3,4,中指伸展,7,2,6,42667,15,8,0.194812878
1,3,4,中指伸展,7,2,6,42667,16,1,0.043768408
1,3,4,中指伸展,7,2,6,42667,16,2,0.060222115
1,3,4,中指伸展,7,2,6,42667,16,3,0.077707670
1,3,4,中指伸展,7,2,6,42667,16,4,0.089730368
1,3,4,中指伸展,7,2,6,42667,16,5,0.102208032
1,3,4,中指伸展,7,2,6,42667,16,6,0.113038491
1,3,4,中指伸展,7,2,6,42667,16,7,0.121797973
1,3,4,中指伸展,7,2,6,42667,16,8,0.129715689
1,3,4,中指伸展,7,2,6,42667,16,9,0.137363013
1,3,4,中指伸展,7,2,6,42667,16,10,0.144641633
1,3,4,中指伸展,7,2,6,42667,16,11,0.151827920
1,3,4,中指伸展,7,2,6,42667,16,12,0.160894375
1,3,4,中指伸展,7,2,6,42667,16,13,0.169167616
1,3,4,中指伸展,7,2,6,42667,16,14,0.176098454
1,3,4,中指伸展,7,2,6,42667,16,15,0.182523466
1,3,4,中指伸展,7,2,6,42667,16,16,0.189424633
1,3,4,中指伸展,7,2,6,42667,16,17,0.197755205
1,4,5,无名指屈曲,8,1,3,47771,1,1,0.047693775
1,4,5,无名指屈曲,8,1,3,47771,1,2,0.064397376
1,4,5,无名指屈曲,8,1,3,47771,1,3,0.081220552
1,4,5,无名指屈曲,8,1,3,47771,1,4,0.100475788
1,4,5,无名指屈曲,8,1,3,47771,1,5,0.119362714
1,4,5,无名指屈曲,8,1,3,47771,1,6,0.129474235
1,4,5,无名指屈曲,8,1,3,47771,1,7,0.140226907
1,4,5,无名指屈曲,8,1,3,47771,1,8,0.149368218
1,4,5,无名指屈曲,8,1,3,47771,1,9,0.159574405
1,4,5,无名指屈曲,8,1,3,47771,1,10,0.169410774
1,4,5,无名指屈曲,8,1,3,47771,1,11,0.177909243
1,4,5,无名指屈曲,8,1,3,47771,1,12,0.186105830
1,4,5,无名指屈曲,8,1,3,47771,1,13,0.195672450
1,4,5,无名指屈曲,8,1,3,47771,2,1,0.062269281
1,4,5,无名指屈曲,8,1,3,47771,2,2,0.083085745
1,4,5,无名指屈曲,8,1,3,47771,2,3,0.097710286
1,4,5,无名指屈曲,8,1,3,47771,2,4,0.113794757
1,4,5,无名指屈曲,8,1,3,47771,2,5,0.128687194
1,4,5,无名指屈曲,8,1,3,47771,2,6,0.139330959
1,4,5,无名指屈曲,8,1,3,47771,2,7,0.149638233
1,4,5,无名指屈曲,8,1,3,47771,2,8,0.161963415
1,4,5,无名指屈曲,8,1,3,47771,2,9,0.172541231
1,4,5,无名指屈曲,8,1,3,47771,2,10,0.183923185
1,4,5,无名指屈曲,8,1,3,47771,2,11,0.194154070
1,4,5,无名指屈曲,8,1,3,47771,3,1,0.056873374
1,4,5,无名指屈曲,8,1,3,47771,3,2,0.086173286
1,4,5,无名指屈曲,8,1,3,47771,3,3,0.104821615
1,4,5,无名指屈曲,8,1,3,47771,3,4,0.120382658
1,4,5,无名指屈曲,8,1,3,47771,3,5,0.131701281
1,4,5,无名指屈曲,8,1,3,47771,3,6,0.140863322
1,4,5,无名指屈曲,8,1,3,47771,3,7,0.149061805
1,4,5,无名指屈曲,8,1,3,47771,3,8,0.157433153
1,4,5,无名指屈曲,8,1,3,47771,3,9,0.167073654
1,4,5,无名指屈曲,8,1,3,47771,3,10,0.175163529
1,4,5,无名指屈曲,8,1,3,47771,3,11,0.182362273
1,4,5,无名指屈曲,8,1,3,47771,3,12,0.188878328
1,4,5,无名指屈曲,8,1,3,47771,3,13,0.195344668
1,4,5,无名指屈曲,8,1,3,47771,4,1,0.068053801
1,4,5,无名指屈曲,8,1,3,47771,4,2,0.096030977
1,4,5,无名指屈曲,8,1,3,47771,4,3,0.120469518
1,4,5,无名指屈曲,8,1,3,47771,4,4,0.135194880
1,4,5,无名指屈曲,8,1,3,47771,4,5,0.150165750
1,4,5,无名指屈曲,8,1,3,47771,4,6,0.162588100
1,4,5,无名指屈曲,8,1,3,47771,4,7,0.172901202
1,4,5,无名指屈曲,8,1,3,47771,4,8,0.182130803
1,4,5,无名指屈曲,8,1,3,47771,4,9,0.192257879
1,4,5,无名指屈曲,8,1,3,47771,5,1,0.044421887
1,4,5,无名指屈曲,8,1,3,47771,5,2,0.061843541
1,4,5,无名指屈曲,8,1,3,47771,5,3,0.074618676
1,4,5,无名指屈曲,8,1,3,47771,5,4,0.088439672
1,4,5,无名指屈曲,8,1,3,47771,5,5,0.099984566
1,4,5,无名指屈曲,8,1,3,47771,5,6,0.109627650
1,4,5,无名指屈曲,8,1,3,47771,5,7,0.117729946
1,4,5,无名指屈曲,8,1,3,47771,5,8,0.125498528
1,4,5,无名指屈曲,8,1,3,47771,5,9,0.133655105
1,4,5,无名指屈曲,8,1,3,47771,5,10,0.142711562
1,4,5,无名指屈曲,8,1,3,47771,5,11,0.150629629
1,4,5,无名指屈曲,8,1,3,47771,5,12,0.157952986
1,4,5,无名指屈曲,8,1,3,47771,5,13,0.164876714
1,4,5,无名指屈曲,8,1,3,47771,5,14,0.171324826
1,4,5,无名指屈曲,8,1,3,47771,5,15,0.177614826
1,4,5,无名指屈曲,8,1,3,47771,5,16,0.183922501
1,4,5,无名指屈曲,8,1,3,47771,5,17,0.190107406
1,4,5,无名指屈曲,8,1,3,47771,5,18,0.195991302
1,4,5,无名指屈曲,8,1,3,47771,6,1,0.044287239
1,4,5,无名指屈曲,8,1,3,47771,6,2,0.061366544
1,4,5,无名指屈曲,8,1,3,47771,6,3,0.072379459
1,4,5,无名指屈曲,8,1,3,47771,6,4,0.081799028
1,4,5,无名指屈曲,8,1,3,47771,6,5,0.090642520
1,4,5,无名指屈曲,8,1,3,47771,6,6,0.099087657
1,4,5,无名指屈曲,8,1,3,47771,6,7,0.107260011
1,4,5,无名指屈曲,8,1,3,47771,6,8,0.117331193
1,4,5,无名指屈曲,8,1,3,47771,6,9,0.126481745
1,4,5,无名指屈曲,8,1,3,47771,6,10,0.134370181
1,4,5,无名指屈曲,8,1,3,47771,6,11,0.141312003
1,4,5,无名指屈曲,8,1,3,47771,6,12,0.147732828
1,4,5,无名指屈曲,8,1,3,47771,6,13,0.153786585
1,4,5,无名指屈曲,8,1,3,47771,6,14,0.159622817
1,4,5,无名指屈曲,8,1,3,47771,6,15,0.165439779
1,4,5,无名指屈曲,8,1,3,47771,6,16,0.171375613
1,4,5,无名指屈曲,8,1,3,47771,6,17,0.177158035
1,4,5,无名指屈曲,8,1,3,47771,6,18,0.182967423
1,4,5,无名指屈曲,8,1,3,47771,6,19,0.190211176
1,4,5,无名指屈曲,8,1,3,47771,6,20,0.197545226
1,4,5,无名指屈曲,8,1,3,47771,7,1,0.045713691
1,4,5,无名指屈曲,8,1,3,47771,7,2,0.061993989
1,4,5,无名指屈曲,8,1,3,47771,7,3,0.073174577
1,4,5,无名指屈曲,8,1,3,47771,7,4,0.086294827
1,4,5,无名指屈曲,8,1,3,47771,7,5,0.098524665
1,4,5,无名指屈曲,8,1,3,47771,7,6,0.108040370
1,4,5,无名指屈曲,8,1,3,47771,7,7,0.116336074
1,4,5,无名指屈曲,8,1,3,47771,7,8,0.124370721
1,4,5,无名指屈曲,8,1,3,47771,7,9,0.132007002
1,4,5,无名指屈曲,8,1,3,47771,7,10,0.139088280
1,4,5,无名指屈曲,8,1,3,47771,7,11,0.145735606
1,4,5,无名指屈曲,8,1,3,47771,7,12,0.152133990
1,4,5,无名指屈曲,8,1,3,47771,7,13,0.158381812
1,4,5,无名指屈曲,8,1,3,47771,7,14,0.166011201
1,4,5,无名指屈曲,8,1,3,47771,7,15,0.174392354
1,4,5,无名指屈曲,8,1,3,47771,7,16,0.181513157
1,4,5,无名指屈曲,8,1,3,47771,7,17,0.189041394
1,4,5,无名指屈曲,8,1,3,47771,7,18,0.197281179
1,4,5,无名指屈曲,8,1,3,47771,8,1,0.053665658
1,4,5,无名指屈曲,8,1,3,47771,8,2,0.077462692
1,4,5,无名指屈曲,8,1,3,47771,8,3,0.092311666
1,4,5,无名指屈曲,8,1,3,47771,8,4,0.104392745
1,4,5,无名指屈曲,8,1,3,47771,8,5,0.118721935
1,4,5,无名指屈曲,8,1,3,47771,8,6,0.128860741
1,4,5,无名指屈曲,8,1,3,47771,8,7,0.137059932
1,4,5,无名指屈曲,8,1,3,47771,8,8,0.146911862
1,4,5,无名指屈曲,8,1,3,47771,8,9,0.156047367
1,4,5,无名指屈曲,8,1,3,47771,8,10,0.164920528
1,4,5,无名指屈曲,8,1,3,47771,8,11,0.173198567
1,4,5,无名指屈曲,8,1,3,47771,8,12,0.183499287
1,4,5,无名指屈曲,8,1,3,47771,8,13,0.191581306
1,4,5,无名指屈曲,8,1,3,47771,8,14,0.198579415
1,4,5,无名指屈曲,8,1,3,47771,9,1,0.050315659
1,4,5,无名指屈曲,8,1,3,47771,9,2,0.075822650
1,4,5,无名指屈曲,8,1,3,47771,9,3,0.086893433
1,4,5,无名指屈曲,8,1,3,47771,9,4,0.097623713
1,4,5,无名指屈曲,8,1,3,47771,9,5,0.108325652
1,4,5,无名指屈曲,8,1,3,47771,9,6,0.117407003
1,4,5,无名指屈曲,8,1,3,47771,9,7,0.125563423
1,4,5,无名指屈曲,8,1,3,47771,9,8,0.136564567
1,4,5,无名指屈曲,8,1,3,47771,9,9,0.147934632
1,4,5,无名指屈曲,8,1,3,47771,9,10,0.156982517
1,4,5,无名指屈曲,8,1,3,47771,9,11,0.165378961
1,4,5,无名指屈曲,8,1,3,47771,9,12,0.172552609
1,4,5,无名指屈曲,8,1,3,47771,9,13,0.179396478
1,4,5,无名指屈曲,8,1,3,47771,9,14,0.186258048
1,4,5,无名指屈曲,8,1,3,47771,9,15,0.195169698
1,4,5,无名指屈曲,8,1,3,47771,10,1,0.064933340
1,4,5,无名指屈曲,8,1,3,47771,10,2,0.104646530
1,4,5,无名指屈曲,8,1,3,47771,10,3,0.117268119
1,4,5,无名指屈曲,8,1,3,47771,10,4,0.130423020
1,4,5,无名指屈曲,8,1,3,47771,10,5,0.144008274
1,4,5,无名指屈曲,8,1,3,47771,10,6,0.163162740
1,4,5,无名指屈曲,8,1,3,47771,10,7,0.176414971
1,4,5,无名指屈曲,8,1,3,47771,10,8,0.187528999
1,4,5,无名指屈曲,8,1,3,47771,10,9,0.197325228
1,4,5,无名指屈曲,8,1,3,47771,11,1,0.050116880
1,4,5,无名指屈曲,8,1,3,47771,11,2,0.078544495
1,4,5,无名指屈曲,8,1,3,47771,11,3,0.093156624
1,4,5,无名指屈曲,8,1,3,47771,11,4,0.108311632
1,4,5,无名指屈曲,8,1,3,47771,11,5,0.133473073
1,4,5,无名指屈曲,8,1,3,47771,11,6,0.147318150
1,4,5,无名指屈曲,8,1,3,47771,11,7,0.159364970
1,4,5,无名指屈曲,8,1,3,47771,11,8,0.171113930
1,4,5,无名指屈曲,8,1,3,47771,11,9,0.184558537
1,4,5,无名指屈曲,8,1,3,47771,11,10,0.193715521
1,4,5,无名指屈曲,8,1,3,47771,12,1,0.046997703
1,4,5,无名指屈曲,8,1,3,47771,12,2,0.069129706
1,4,5,无名指屈曲,8,1,3,47771,12,3,0.086173384
1,4,5,无名指屈曲,8,1,3,47771,12,4,0.099108256
1,4,5,无名指屈曲,8,1,3,47771,12,5,0.112068685
1,4,5,无名指屈曲,8,1,3,47771,12,6,0.125220194
1,4,5,无名指屈曲,8,1,3,47771,12,7,0.140507876
1,4,5,无名指屈曲,8,1,3,47771,12,8,0.149949602
1,4,5,无名指屈曲,8,1,3,47771,12,9,0.158955873
1,4,5,无名指屈曲,8,1,3,47771,12,10,0.168338728
1,4,5,无名指屈曲,8,1,3,47771,12,11,0.178315873
1,4,5,无名指屈曲,8,1,3,47771,12,12,0.187092367
1,4,5,无名指屈曲,8,1,3,47771,12,13,0.194410365
1,4,5,无名指屈曲,8,1,3,47771,13,1,0.045858225
1,4,5,无名指屈曲,8,1,3,47771,13,2,0.066703188
1,4,5,无名指屈曲,8,1,3,47771,13,3,0.084605384
1,4,5,无名指屈曲,8,1,3,47771,13,4,0.099617698
1,4,5,无名指屈曲,8,1,3,47771,13,5,0.113135167
1,4,5,无名指屈曲,8,1,3,47771,13,6,0.124163932
1,4,5,无名指屈曲,8,1,3,47771,13,7,0.133120096
1,4,5,无名指屈曲,8,1,3,47771,13,8,0.141191539
1,4,5,无名指屈曲,8,1,3,47771,13,9,0.151191348
1,4,5,无名指屈曲,8,1,3,47771,13,10,0.159897284
1,4,5,无名指屈曲,8,1,3,47771,13,11,0.168528999
1,4,5,无名指屈曲,8,1,3,47771,13,12,0.178104471
1,4,5,无名指屈曲,8,1,3,47771,13,13,0.186149684
1,4,5,无名指屈曲,8,1,3,47771,13,14,0.192893013
1,4,5,无名指屈曲,8,1,3,47771,13,15,0.199132096
1,4,5,无名指屈曲,8,1,3,47771,14,1,0.044578182
1,4,5,无名指屈曲,8,1,3,47771,14,2,0.060941767
1,4,5,无名指屈曲,8,1,3,47771,14,3,0.071836628
1,4,5,无名指屈曲,8,1,3,47771,14,4,0.081300070
1,4,5,无名指屈曲,8,1,3,47771,14,5,0.090100550
1,4,5,无名指屈曲,8,1,3,47771,14,6,0.098083807
1,4,5,无名指屈曲,8,1,3,47771,14,7,0.105472389
1,4,5,无名指屈曲,8,1,3,47771,14,8,0.112581687
1,4,5,无名指屈曲,8,1,3,47771,14,9,0.119532471
1,4,5,无名指屈曲,8,1,3,47771,14,10,0.126184771
1,4,5,无名指屈曲,8,1,3,47771,14,11,0.132539951
1,4,5,无名指屈曲,8,1,3,47771,14,12,0.138668750
1,4,5,无名指屈曲,8,1,3,47771,14,13,0.144724340
1,4,5,无名指屈曲,8,1,3,47771,14,14,0.150803972
1,4,5,无名指屈曲,8,1,3,47771,14,15,0.156931470
1,4,5,无名指屈曲,8,1,3,47771,14,16,0.162957330
1,4,5,无名指屈曲,8,1,3,47771,14,17,0.168793787
1,4,5,无名指屈曲,8,1,3,47771,14,18,0.174561594
1,4,5,无名指屈曲,8,1,3,47771,14,19,0.180241815
1,4,5,无名指屈曲,8,1,3,47771,14,20,0.185816942
1,4,5,无名指屈曲,8,1,3,47771,14,21,0.191205596
1,4,5,无名指屈曲,8,1,3,47771,14,22,0.197249743
1,4,5,无名指屈曲,8,1,3,47771,15,1,0.053715885
1,4,5,无名指屈曲,8,1,3,47771,15,2,0.072086964
1,4,5,无名指屈曲,8,1,3,47771,15,3,0.083614190
1,4,5,无名指屈曲,8,1,3,47771,15,4,0.093421421
1,4,5,无名指屈曲,8,1,3,47771,15,5,0.101890294
1,4,5,无名指屈曲,8,1,3,47771,15,6,0.109910201
1,4,5,无名指屈曲,8,1,3,47771,15,7,0.117848243
1,4,5,无名指屈曲,8,1,3,47771,15,8,0.125645075
1,4,5,无名指屈曲,8,1,3,47771,15,9,0.135151657
1,4,5,无名指屈曲,8,1,3,47771,15,10,0.143223075
1,4,5,无名指屈曲,8,1,3,47771,15,11,0.151007327
1,4,5,无名指屈曲,8,1,3,47771,15,12,0.158579903
1,4,5,无名指屈曲,8,1,3,47771,15,13,0.165648943
1,4,5,无名指屈曲,8,1,3,47771,15,14,0.172082231
1,4,5,无名指屈曲,8,1,3,47771,15,15,0.178168872
1,4,5,无名指屈曲,8,1,3,47771,15,16,0.184143641
1,4,5,无名指屈曲,8,1,3,47771,15,17,0.189994522
1,4,5,无名指屈曲,8,1,3,47771,15,18,0.195639502
1,4,5,无名指屈曲,8,1,3,47771,16,1,0.053872669
1,4,5,无名指屈曲,8,1,3,47771,16,2,0.070705597
1,4,5,无名指屈曲,8,1,3,47771,16,3,0.081363894
1,4,5,无名指屈曲,8,1,3,47771,16,4,0.091039950
1,4,5,无名指屈曲,8,1,3,47771,16,5,0.099605375
1,4,5,无名指屈曲,8,1,3,47771,16,6,0.107516489
1,4,5,无名指屈曲,8,1,3,47771,16,7,0.115173543
1,4,5,无名指屈曲,8,1,3,47771,16,8,0.122461399
1,4,5,无名指屈曲,8,1,3,47771,16,9,0.131363581
1,4,5,无名指屈曲,8,1,3,47771,16,10,0.139512298
1,4,5,无名指屈曲,8,1,3,47771,16,11,0.146821341
1,4,5,无名指屈曲,8,1,3,47771,16,12,0.153777980
1,4,5,无名指屈曲,8,1,3,47771,16,13,0.160466055
1,4,5,无名指屈曲,8,1,3,47771,16,14,0.166846722
1,4,5,无名指屈曲,8,1,3,47771,16,15,0.172820564
1,4,5,无名指屈曲,8,1,3,47771,16,16,0.178677753
1,4,5,无名指屈曲,8,1,3,47771,16,17,0.184379496
1,4,5,无名指屈曲,8,1,3,47771,16,18,0.189984059
1,4,5,无名指屈曲,8,1,3,47771,16,19,0.195447993
1,4,5,无名指屈曲,9,2,6,53149,1,1,0.043654526
1,4,5,无名指屈曲,9,2,6,53149,1,2,0.072847473
1,4,5,无名指屈曲,9,2,6,53149,1,3,0.085995614
1,4,5,无名指屈曲,9,2,6,53149,1,4,0.096216583
1,4,5,无名指屈曲,9,2,6,53149,1,5,0.107430381
1,4,5,无名指屈曲,9,2,6,53149,1,6,0.117084580
1,4,5,无名指屈曲,9,2,6,53149,1,7,0.127756877
1,4,5,无名指屈曲,9,2,6,53149,1,8,0.137142370
1,4,5,无名指屈曲,9,2,6,53149,1,9,0.145639724
1,4,5,无名指屈曲,9,2,6,53149,1,10,0.153000473
1,4,5,无名指屈曲,9,2,6,53149,1,11,0.159869907
1,4,5,无名指屈曲,9,2,6,53149,1,12,0.166270012
1,4,5,无名指屈曲,9,2,6,53149,1,13,0.173565490
1,4,5,无名指屈曲,9,2,6,53149,1,14,0.182179883
1,4,5,无名指屈曲,9,2,6,53149,1,15,0.190858511
1,4,5,无名指屈曲,9,2,6,53149,2,1,0.044356919
1,4,5,无名指屈曲,9,2,6,53149,2,2,0.065259404
1,4,5,无名指屈曲,9,2,6,53149,2,3,0.080470369
1,4,5,无名指屈曲,9,2,6,53149,2,4,0.091744691
1,4,5,无名指屈曲,9,2,6,53149,2,5,0.101917438
1,4,5,无名指屈曲,9,2,6,53149,2,6,0.113945341
1,4,5,无名指屈曲,9,2,6,53149,2,7,0.124553208
1,4,5,无名指屈曲,9,2,6,53149,2,8,0.133980732
1,4,5,无名指屈曲,9,2,6,53149,2,9,0.141847729
1,4,5,无名指屈曲,9,2,6,53149,2,10,0.150754840
1,4,5,无名指屈曲,9,2,6,53149,2,11,0.159029258
1,4,5,无名指屈曲,9,2,6,53149,2,12,0.167129714
1,4,5,无名指屈曲,9,2,6,53149,2,13,0.175775967
1,4,5,无名指屈曲,9,2,6,53149,2,14,0.186289738
1,4,5,无名指屈曲,9,2,6,53149,2,15,0.194273322
1,4,5,无名指屈曲,9,2,6,53149,3,1,0.045677069
1,4,5,无名指屈曲,9,2,6,53149,3,2,0.070594092
1,4,5,无名指屈曲,9,2,6,53149,3,3,0.086323951
1,4,5,无名指屈曲,9,2,6,53149,3,4,0.098084111
1,4,5,无名指屈曲,9,2,6,53149,3,5,0.107765784
1,4,5,无名指屈曲,9,2,6,53149,3,6,0.117097418
1,4,5,无名指屈曲,9,2,6,53149,3,7,0.125726174
1,4,5,无名指屈曲,9,2,6,53149,3,8,0.135677719
1,4,5,无名指屈曲,9,2,6,53149,3,9,0.144718171
1,4,5,无名指屈曲,9,2,6,53149,3,10,0.152170469
1,4,5,无名指屈曲,9,2,6,53149,3,11,0.159486909
1,4,5,无名指屈曲,9,2,6,53149,3,12,0.167274391
1,4,5,无名指屈曲,9,2,6,53149,3,13,0.175492881
1,4,5,无名指屈曲,9,2,6,53149,3,14,0.182735619
1,4,5,无名指屈曲,9,2,6,53149,3,15,0.189762046
1,4,5,无名指屈曲,9,2,6,53149,3,16,0.196623255
1,4,5,无名指屈曲,9,2,6,53149,4,1,0.070219620
1,4,5,无名指屈曲,9,2,6,53149,4,2,0.095610015
1,4,5,无名指屈曲,9,2,6,53149,4,3,0.111757149
1,4,5,无名指屈曲,9,2,6,53149,4,4,0.130808856
1,4,5,无名指屈曲,9,2,6,53149,4,5,0.141794650
1,4,5,无名指屈曲,9,2,6,53149,4,6,0.154369482
1,4,5,无名指屈曲,9,2,6,53149,4,7,0.167702440
1,4,5,无名指屈曲,9,2,6,53149,4,8,0.178173407
1,4,5,无名指屈曲,9,2,6,53149,4,9,0.187962796
1,4,5,无名指屈曲,9,2,6,53149,5,1,0.048015184
1,4,5,无名指屈曲,9,2,6,53149,5,2,0.067333679
1,4,5,无名指屈曲,9,2,6,53149,5,3,0.078688786
1,4,5,无名指屈曲,9,2,6,53149,5,4,0.088465055
1,4,5,无名指屈曲,9,2,6,53149,5,5,0.098379200
1,4,5,无名指屈曲,9,2,6,53149,5,6,0.109405357
1,4,5,无名指屈曲,9,2,6,53149,5,7,0.118995484
1,4,5,无名指屈曲,9,2,6,53149,5,8,0.127743411
1,4,5,无名指屈曲,9,2,6,53149,5,9,0.135691262
1,4,5,无名指屈曲,9,2,6,53149,5,10,0.145104513
1,4,5,无名指屈曲,9,2,6,53149,5,11,0.152813774
1,4,5,无名指屈曲,9,2,6,53149,5,12,0.159622232
1,4,5,无名指屈曲,9,2,6,53149,5,13,0.166015597
1,4,5,无名指屈曲,9,2,6,53149,5,14,0.172322417
1,4,5,无名指屈曲,9,2,6,53149,5,15,0.178541599
1,4,5,无名指屈曲,9,2,6,53149,5,16,0.184737824
1,4,5,无名指屈曲,9,2,6,53149,5,17,0.190804884
1,4,5,无名指屈曲,9,2,6,53149,5,18,0.196756874
1,4,5,无名指屈曲,9,2,6,53149,6,1,0.053831586
1,4,5,无名指屈曲,9,2,6,53149,6,2,0.073279493
1,4,5,无名指屈曲,9,2,6,53149,6,3,0.086302613
1,4,5,无名指屈曲,9,2,6,53149,6,4,0.098569731
1,4,5,无名指屈曲,9,2,6,53149,6,5,0.107990249
1,4,5,无名指屈曲,9,2,6,53149,6,6,0.116445211
1,4,5,无名指屈曲,9,2,6,53149,6,7,0.124243972
1,4,5,无名指屈曲,9,2,6,53149,6,8,0.131763454
1,4,5,无名指屈曲,9,2,6,53149,6,9,0.141405543
1,4,5,无名指屈曲,9,2,6,53149,6,10,0.149714010
1,4,5,无名指屈曲,9,2,6,53149,6,11,0.156732878
1,4,5,无名指屈曲,9,2,6,53149,6,12,0.163298124
1,4,5,无名指屈曲,9,2,6,53149,6,13,0.169709472
1,4,5,无名指屈曲,9,2,6,53149,6,14,0.175985712
1,4,5,无名指屈曲,9,2,6,53149,6,15,0.182013446
1,4,5,无名指屈曲,9,2,6,53149,6,16,0.187815229
1,4,5,无名指屈曲,9,2,6,53149,6,17,0.193460633
1,4,5,无名指屈曲,9,2,6,53149,6,18,0.199086179
1,4,5,无名指屈曲,9,2,6,53149,7,1,0.044962290
1,4,5,无名指屈曲,9,2,6,53149,7,2,0.066527873
1,4,5,无名指屈曲,9,2,6,53149,7,3,0.081629571
1,4,5,无名指屈曲,9,2,6,53149,7,4,0.091338856
1,4,5,无名指屈曲,9,2,6,53149,7,5,0.101864749
1,4,5,无名指屈曲,9,2,6,53149,7,6,0.113837198
1,4,5,无名指屈曲,9,2,6,53149,7,7,0.122810391
1,4,5,无名指屈曲,9,2,6,53149,7,8,0.130486267
1,4,5,无名指屈曲,9,2,6,53149,7,9,0.137503621
1,4,5,无名指屈曲,9,2,6,53149,7,10,0.144262419
1,4,5,无名指屈曲,9,2,6,53149,7,11,0.150785979
1,4,5,无名指屈曲,9,2,6,53149,7,12,0.156952498
1,4,5,无名指屈曲,9,2,6,53149,7,13,0.162950625
1,4,5,无名指屈曲,9,2,6,53149,7,14,0.168774622
1,4,5,无名指屈曲,9,2,6,53149,7,15,0.174453293
1,4,5,无名指屈曲,9,2,6,53149,7,16,0.180024002
1,4,5,无名指屈曲,9,2,6,53149,7,17,0.185534952
1,4,5,无名指屈曲,9,2,6,53149,7,18,0.190933339
1,4,5,无名指屈曲,9,2,6,53149,7,19,0.196402339
1,4,5,无名指屈曲,9,2,6,53149,8,1,0.054403757
1,4,5,无名指屈曲,9,2,6,53149,8,2,0.074455987
1,4,5,无名指屈曲,9,2,6,53149,8,3,0.089094894
1,4,5,无名指屈曲,9,2,6,53149,8,4,0.102831928
1,4,5,无名指屈曲,9,2,6,53149,8,5,0.117988685
1,4,5,无名指屈曲,9,2,6,53149,8,6,0.127947212
1,4,5,无名指屈曲,9,2,6,53149,8,7,0.136590397
1,4,5,无名指屈曲,9,2,6,53149,8,8,0.144906225
1,4,5,无名指屈曲,9,2,6,53149,8,9,0.153086816
1,4,5,无名指屈曲,9,2,6,53149,8,10,0.160588270
1,4,5,无名指屈曲,9,2,6,53149,8,11,0.168446978
1,4,5,无名指屈曲,9,2,6,53149,8,12,0.175645016
1,4,5,无名指屈曲,9,2,6,53149,8,13,0.182491478
1,4,5,无名指屈曲,9,2,6,53149,8,14,0.189491388
1,4,5,无名指屈曲,9,2,6,53149,8,15,0.196549881
1,4,5,无名指屈曲,9,2,6,53149,9,1,0.052566932
1,4,5,无名指屈曲,9,2,6,53149,9,2,0.078071058
1,4,5,无名指屈曲,9,2,6,53149,9,3,0.088647421
1,4,5,无名指屈曲,9,2,6,53149,9,4,0.097548353
1,4,5,无名指屈曲,9,2,6,53149,9,5,0.106210873
1,4,5,无名指屈曲,9,2,6,53149,9,6,0.114640325
1,4,5,无名指屈曲,9,2,6,53149,9,7,0.124821464
1,4,5,无名指屈曲,9,2,6,53149,9,8,0.134756795
1,4,5,无名指屈曲,9,2,6,53149,9,9,0.144180869
1,4,5,无名指屈曲,9,2,6,53149,9,10,0.153755656
1,4,5,无名指屈曲,9,2,6,53149,9,11,0.161403537
1,4,5,无名指屈曲,9,2,6,53149,9,12,0.168331901
1,4,5,无名指屈曲,9,2,6,53149,9,13,0.174890522
1,4,5,无名指屈曲,9,2,6,53149,9,14,0.181280109
1,4,5,无名指屈曲,9,2,6,53149,9,15,0.187635567
1,4,5,无名指屈曲,9,2,6,53149,9,16,0.193819699
1,4,5,无名指屈曲,9,2,6,53149,9,17,0.199682961
1,4,5,无名指屈曲,9,2,6,53149,10,1,0.053104065
1,4,5,无名指屈曲,9,2,6,53149,10,2,0.078609185
1,4,5,无名指屈曲,9,2,6,53149,10,3,0.090061677
1,4,5,无名指屈曲,9,2,6,53149,10,4,0.099442460
1,4,5,无名指屈曲,9,2,6,53149,10,5,0.110890023
1,4,5,无名指屈曲,9,2,6,53149,10,6,0.120909855
1,4,5,无名指屈曲,9,2,6,53149,10,7,0.129201307
1,4,5,无名指屈曲,9,2,6,53149,10,8,0.136944529
1,4,5,无名指屈曲,9,2,6,53149,10,9,0.146176796
1,4,5,无名指屈曲,9,2,6,53149,10,10,0.154787898
1,4,5,无名指屈曲,9,2,6,53149,10,11,0.162271490
1,4,5,无名指屈曲,9,2,6,53149,10,12,0.169246987
1,4,5,无名指屈曲,9,2,6,53149,10,13,0.176024652
1,4,5,无名指屈曲,9,2,6,53149,10,14,0.182484089
1,4,5,无名指屈曲,9,2,6,53149,10,15,0.189315361
1,4,5,无名指屈曲,9,2,6,53149,10,16,0.197169861
1,4,5,无名指屈曲,9,2,6,53149,11,1,0.054988284
1,4,5,无名指屈曲,9,2,6,53149,11,2,0.074474818
1,4,5,无名指屈曲,9,2,6,53149,11,3,0.086998011
1,4,5,无名指屈曲,9,2,6,53149,11,4,0.099515586
1,4,5,无名指屈曲,9,2,6,53149,11,5,0.110366106
1,4,5,无名指屈曲,9,2,6,53149,11,6,0.119586384
1,4,5,无名指屈曲,9,2,6,53149,11,7,0.129406163
1,4,5,无名指屈曲,9,2,6,53149,11,8,0.139043178
1,4,5,无名指屈曲,9,2,6,53149,11,9,0.147795992
1,4,5,无名指屈曲,9,2,6,53149,11,10,0.156461843
1,4,5,无名指屈曲,9,2,6,53149,11,11,0.164808449
1,4,5,无名指屈曲,9,2,6,53149,11,12,0.172305758
1,4,5,无名指屈曲,9,2,6,53149,11,13,0.179532956
1,4,5,无名指屈曲,9,2,6,53149,11,14,0.185909979
1,4,5,无名指屈曲,9,2,6,53149,11,15,0.191899230
1,4,5,无名指屈曲,9,2,6,53149,11,16,0.198721211
1,4,5,无名指屈曲,9,2,6,53149,12,1,0.044501332
1,4,5,无名指屈曲,9,2,6,53149,12,2,0.074434428
1,4,5,无名指屈曲,9,2,6,53149,12,3,0.087280355
1,4,5,无名指屈曲,9,2,6,53149,12,4,0.097658916
1,4,5,无名指屈曲,9,2,6,53149,12,5,0.107233904
1,4,5,无名指屈曲,9,2,6,53149,12,6,0.115483160
1,4,5,无名指屈曲,9,2,6,53149,12,7,0.123017128
1,4,5,无名指屈曲,9,2,6,53149,12,8,0.131329155
1,4,5,无名指屈曲,9,2,6,53149,12,9,0.139965106
1,4,5,无名指屈曲,9,2,6,53149,12,10,0.147169925
1,4,5,无名指屈曲,9,2,6,53149,12,11,0.153934327
1,4,5,无名指屈曲,9,2,6,53149,12,12,0.160679077
1,4,5,无名指屈曲,9,2,6,53149,12,13,0.167461085
1,4,5,无名指屈曲,9,2,6,53149,12,14,0.174575601
1,4,5,无名指屈曲,9,2,6,53149,12,15,0.181582513
1,4,5,无名指屈曲,9,2,6,53149,12,16,0.187842439
1,4,5,无名指屈曲,9,2,6,53149,12,17,0.193974604
1,4,5,无名指屈曲,9,2,6,53149,13,1,0.048469443
1,4,5,无名指屈曲,9,2,6,53149,13,2,0.076120748
1,4,5,无名指屈曲,9,2,6,53149,13,3,0.089193569
1,4,5,无名指屈曲,9,2,6,53149,13,4,0.098398995
1,4,5,无名指屈曲,9,2,6,53149,13,5,0.107606004
1,4,5,无名指屈曲,9,2,6,53149,13,6,0.118675815
1,4,5,无名指屈曲,9,2,6,53149,13,7,0.127818544
1,4,5,无名指屈曲,9,2,6,53149,13,8,0.135824188
1,4,5,无名指屈曲,9,2,6,53149,13,9,0.145605635
1,4,5,无名指屈曲,9,2,6,53149,13,10,0.154258245
1,4,5,无名指屈曲,9,2,6,53149,13,11,0.161490289
1,4,5,无名指屈曲,9,2,6,53149,13,12,0.168208543
1,4,5,无名指屈曲,9,2,6,53149,13,13,0.174591801
1,4,5,无名指屈曲,9,2,6,53149,13,14,0.181671722
1,4,5,无名指屈曲,9,2,6,53149,13,15,0.189978528
1,4,5,无名指屈曲,9,2,6,53149,13,16,0.197727185
1,4,5,无名指屈曲,9,2,6,53149,14,1,0.053997473
1,4,5,无名指屈曲,9,2,6,53149,14,2,0.071857104
1,4,5,无名指屈曲,9,2,6,53149,14,3,0.086593877
1,4,5,无名指屈曲,9,2,6,53149,14,4,0.099341157
1,4,5,无名指屈曲,9,2,6,53149,14,5,0.108626630
1,4,5,无名指屈曲,9,2,6,53149,14,6,0.116674369
1,4,5,无名指屈曲,9,2,6,53149,14,7,0.124163539
1,4,5,无名指屈曲,9,2,6,53149,14,8,0.131309219
1,4,5,无名指屈曲,9,2,6,53149,14,9,0.138137179
1,4,5,无名指屈曲,9,2,6,53149,14,10,0.146655521
1,4,5,无名指屈曲,9,2,6,53149,14,11,0.155476747
1,4,5,无名指屈曲,9,2,6,53149,14,12,0.162939954
1,4,5,无名指屈曲,9,2,6,53149,14,13,0.169681044
1,4,5,无名指屈曲,9,2,6,53149,14,14,0.176121946
1,4,5,无名指屈曲,9,2,6,53149,14,15,0.182619914
1,4,5,无名指屈曲,9,2,6,53149,14,16,0.190772801
1,4,5,无名指屈曲,9,2,6,53149,14,17,0.198422013
1,4,5,无名指屈曲,9,2,6,53149,15,1,0.043444701
1,4,5,无名指屈曲,9,2,6,53149,15,2,0.060410995
1,4,5,无名指屈曲,9,2,6,53149,15,3,0.072060886
1,4,5,无名指屈曲,9,2,6,53149,15,4,0.081990299
1,4,5,无名指屈曲,9,2,6,53149,15,5,0.091091086
1,4,5,无名指屈曲,9,2,6,53149,15,6,0.099363910
1,4,5,无名指屈曲,9,2,6,53149,15,7,0.107086842
1,4,5,无名指屈曲,9,2,6,53149,15,8,0.115559231
1,4,5,无名指屈曲,9,2,6,53149,15,9,0.125473155
1,4,5,无名指屈曲,9,2,6,53149,15,10,0.134036360
1,4,5,无名指屈曲,9,2,6,53149,15,11,0.141558250
1,4,5,无名指屈曲,9,2,6,53149,15,12,0.148433318
1,4,5,无名指屈曲,9,2,6,53149,15,13,0.155039719
1,4,5,无名指屈曲,9,2,6,53149,15,14,0.161429526
1,4,5,无名指屈曲,9,2,6,53149,15,15,0.167698642
1,4,5,无名指屈曲,9,2,6,53149,15,16,0.173854304
1,4,5,无名指屈曲,9,2,6,53149,15,17,0.181332120
1,4,5,无名指屈曲,9,2,6,53149,15,18,0.188776175
1,4,5,无名指屈曲,9,2,6,53149,15,19,0.195536350
1,4,5,无名指屈曲,9,2,6,53149,16,1,0.043176253
1,4,5,无名指屈曲,9,2,6,53149,16,2,0.059703892
1,4,5,无名指屈曲,9,2,6,53149,16,3,0.073529616
1,4,5,无名指屈曲,9,2,6,53149,16,4,0.085288633
1,4,5,无名指屈曲,9,2,6,53149,16,5,0.094886199
1,4,5,无名指屈曲,9,2,6,53149,16,6,0.106172341
1,4,5,无名指屈曲,9,2,6,53149,16,7,0.115636034
1,4,5,无名指屈曲,9,2,6,53149,16,8,0.123693623
1,4,5,无名指屈曲,9,2,6,53149,16,9,0.131086110
1,4,5,无名指屈曲,9,2,6,53149,16,10,0.138196422
1,4,5,无名指屈曲,9,2,6,53149,16,11,0.147193631
1,4,5,无名指屈曲,9,2,6,53149,16,12,0.155625587
1,4,5,无名指屈曲,9,2,6,53149,16,13,0.163056321
1,4,5,无名指屈曲,9,2,6,53149,16,14,0.170073028
1,4,5,无名指屈曲,9,2,6,53149,16,15,0.176675410
1,4,5,无名指屈曲,9,2,6,53149,16,16,0.183104774
1,4,5,无名指屈曲,9,2,6,53149,16,17,0.190904552
1,4,5,无名指屈曲,9,2,6,53149,16,18,0.198229639
1,5,6,无名指伸展,10,1,3,58575,1,1,0.058167973
1,5,6,无名指伸展,10,1,3,58575,1,2,0.091006503
1,5,6,无名指伸展,10,1,3,58575,1,3,0.108066785
1,5,6,无名指伸展,10,1,3,58575,1,4,0.120832029
1,5,6,无名指伸展,10,1,3,58575,1,5,0.135928053
1,5,6,无名指伸展,10,1,3,58575,1,6,0.148205816
1,5,6,无名指伸展,10,1,3,58575,1,7,0.158997567
1,5,6,无名指伸展,10,1,3,58575,1,8,0.167694175
1,5,6,无名指伸展,10,1,3,58575,1,9,0.176218419
1,5,6,无名指伸展,10,1,3,58575,1,10,0.184342469
1,5,6,无名指伸展,10,1,3,58575,1,11,0.192937212
1,5,6,无名指伸展,10,1,3,58575,2,1,0.065213544
1,5,6,无名指伸展,10,1,3,58575,2,2,0.090624151
1,5,6,无名指伸展,10,1,3,58575,2,3,0.108047331
1,5,6,无名指伸展,10,1,3,58575,2,4,0.122610496
1,5,6,无名指伸展,10,1,3,58575,2,5,0.134604412
1,5,6,无名指伸展,10,1,3,58575,2,6,0.146706544
1,5,6,无名指伸展,10,1,3,58575,2,7,0.173913551
1,5,6,无名指伸展,10,1,3,58575,2,8,0.187737159
1,5,6,无名指伸展,10,1,3,58575,2,9,0.199072769
1,5,6,无名指伸展,10,1,3,58575,3,1,0.096882435
1,5,6,无名指伸展,10,1,3,58575,3,2,0.117505898
1,5,6,无名指伸展,10,1,3,58575,3,3,0.133393200
1,5,6,无名指伸展,10,1,3,58575,3,4,0.152855817
1,5,6,无名指伸展,10,1,3,58575,3,5,0.172379930
1,5,6,无名指伸展,10,1,3,58575,3,6,0.198899714
1,5,6,无名指伸展,10,1,3,58575,4,1,0.092204746
1,5,6,无名指伸展,10,1,3,58575,4,2,0.120941436
1,5,6,无名指伸展,10,1,3,58575,4,3,0.136258069
1,5,6,无名指伸展,10,1,3,58575,4,4,0.151680348
1,5,6,无名指伸展,10,1,3,58575,4,5,0.165075594
1,5,6,无名指伸展,10,1,3,58575,4,6,0.178210871
1,5,6,无名指伸展,10,1,3,58575,4,7,0.189527955
1,5,6,无名指伸展,10,1,3,58575,5,1,0.109533305
1,5,6,无名指伸展,10,1,3,58575,5,2,0.140811033
1,5,6,无名指伸展,10,1,3,58575,5,3,0.168700709
1,5,6,无名指伸展,10,1,3,58575,5,4,0.181199893
1,5,6,无名指伸展,10,1,3,58575,5,5,0.195069354
1,5,6,无名指伸展,10,1,3,58575,6,1,0.082774679
1,5,6,无名指伸展,10,1,3,58575,6,2,0.129909351
1,5,6,无名指伸展,10,1,3,58575,6,3,0.154138059
1,5,6,无名指伸展,10,1,3,58575,6,4,0.179704965
1,5,6,无名指伸展,10,1,3,58575,6,5,0.195203280
1,5,6,无名指伸展,10,1,3,58575,7,1,0.049518738
1,5,6,无名指伸展,10,1,3,58575,7,2,0.066847561
1,5,6,无名指伸展,10,1,3,58575,7,3,0.077635523
1,5,6,无名指伸展,10,1,3,58575,7,4,0.090427686
1,5,6,无名指伸展,10,1,3,58575,7,5,0.101217913
1,5,6,无名指伸展,10,1,3,58575,7,6,0.110357351
1,5,6,无名指伸展,10,1,3,58575,7,7,0.118936321
1,5,6,无名指伸展,10,1,3,58575,7,8,0.128289593
1,5,6,无名指伸展,10,1,3,58575,7,9,0.135922171
1,5,6,无名指伸展,10,1,3,58575,7,10,0.142823491
1,5,6,无名指伸展,10,1,3,58575,7,11,0.149602795
1,5,6,无名指伸展,10,1,3,58575,7,12,0.158459987
1,5,6,无名指伸展,10,1,3,58575,7,13,0.168000540
1,5,6,无名指伸展,10,1,3,58575,7,14,0.175196815
1,5,6,无名指伸展,10,1,3,58575,7,15,0.181730486
1,5,6,无名指伸展,10,1,3,58575,7,16,0.188026238
1,5,6,无名指伸展,10,1,3,58575,7,17,0.195248564
1,5,6,无名指伸展,10,1,3,58575,8,1,0.049511368
1,5,6,无名指伸展,10,1,3,58575,8,2,0.079366457
1,5,6,无名指伸展,10,1,3,58575,8,3,0.094146873
1,5,6,无名指伸展,10,1,3,58575,8,4,0.109513929
1,5,6,无名指伸展,10,1,3,58575,8,5,0.124268512
1,5,6,无名指伸展,10,1,3,58575,8,6,0.137820594
1,5,6,无名指伸展,10,1,3,58575,8,7,0.149379952
1,5,6,无名指伸展,10,1,3,58575,8,8,0.158889474
1,5,6,无名指伸展,10,1,3,58575,8,9,0.167886144
1,5,6,无名指伸展,10,1,3,58575,8,10,0.179210855
1,5,6,无名指伸展,10,1,3,58575,8,11,0.190343224
1,5,6,无名指伸展,10,1,3,58575,9,1,0.059791971
1,5,6,无名指伸展,10,1,3,58575,9,2,0.079551667
1,5,6,无名指伸展,10,1,3,58575,9,3,0.096809218
1,5,6,无名指伸展,10,1,3,58575,9,4,0.112518529
1,5,6,无名指伸展,10,1,3,58575,9,5,0.126240901
1,5,6,无名指伸展,10,1,3,58575,9,6,0.138605942
1,5,6,无名指伸展,10,1,3,58575,9,7,0.150842961
1,5,6,无名指伸展,10,1,3,58575,9,8,0.166257104
1,5,6,无名指伸展,10,1,3,58575,9,9,0.184844100
1,5,6,无名指伸展,10,1,3,58575,9,10,0.195912891
1,5,6,无名指伸展,10,1,3,58575,10,1,0.094409266
1,5,6,无名指伸展,10,1,3,58575,10,2,0.149864871
1,5,6,无名指伸展,10,1,3,58575,11,1,0.099138941
1,5,6,无名指伸展,10,1,3,58575,11,2,0.152328348
1,5,6,无名指伸展,10,1,3,58575,11,3,0.180124957
1,5,6,无名指伸展,10,1,3,58575,12,1,0.063009578
1,5,6,无名指伸展,10,1,3,58575,12,2,0.112339591
1,5,6,无名指伸展,10,1,3,58575,12,3,0.136583752
1,5,6,无名指伸展,10,1,3,58575,12,4,0.153550127
1,5,6,无名指伸展,10,1,3,58575,12,5,0.171965397
1,5,6,无名指伸展,10,1,3,58575,12,6,0.199730169
1,5,6,无名指伸展,10,1,3,58575,13,1,0.066119943
1,5,6,无名指伸展,10,1,3,58575,13,2,0.118392704
1,5,6,无名指伸展,10,1,3,58575,13,3,0.136305648
1,5,6,无名指伸展,10,1,3,58575,13,4,0.158098253
1,5,6,无名指伸展,10,1,3,58575,13,5,0.181430383
1,5,6,无名指伸展,10,1,3,58575,14,1,0.066998675
1,5,6,无名指伸展,10,1,3,58575,14,2,0.086295407
1,5,6,无名指伸展,10,1,3,58575,14,3,0.100446396
1,5,6,无名指伸展,10,1,3,58575,14,4,0.113101741
1,5,6,无名指伸展,10,1,3,58575,14,5,0.125542848
1,5,6,无名指伸展,10,1,3,58575,14,6,0.140593582
1,5,6,无名指伸展,10,1,3,58575,14,7,0.153637070
1,5,6,无名指伸展,10,1,3,58575,14,8,0.163305603
1,5,6,无名指伸展,10,1,3,58575,14,9,0.171417407
1,5,6,无名指伸展,10,1,3,58575,14,10,0.178652299
1,5,6,无名指伸展,10,1,3,58575,14,11,0.187587467
1,5,6,无名指伸展,10,1,3,58575,14,12,0.197376815
1,5,6,无名指伸展,10,1,3,58575,15,1,0.061384048
1,5,6,无名指伸展,10,1,3,58575,15,2,0.082294676
1,5,6,无名指伸展,10,1,3,58575,15,3,0.100084715
1,5,6,无名指伸展,10,1,3,58575,15,4,0.112710503
1,5,6,无名指伸展,10,1,3,58575,15,5,0.122594766
1,5,6,无名指伸展,10,1,3,58575,15,6,0.132163538
1,5,6,无名指伸展,10,1,3,58575,15,7,0.143220121
1,5,6,无名指伸展,10,1,3,58575,15,8,0.153765757
1,5,6,无名指伸展,10,1,3,58575,15,9,0.162173629
1,5,6,无名指伸展,10,1,3,58575,15,10,0.171364625
1,5,6,无名指伸展,10,1,3,58575,15,11,0.180348294
1,5,6,无名指伸展,10,1,3,58575,15,12,0.190895565
1,5,6,无名指伸展,10,1,3,58575,16,1,0.058459107
1,5,6,无名指伸展,10,1,3,58575,16,2,0.076169774
1,5,6,无名指伸展,10,1,3,58575,16,3,0.093170701
1,5,6,无名指伸展,10,1,3,58575,16,4,0.103372379
1,5,6,无名指伸展,10,1,3,58575,16,5,0.112214884
1,5,6,无名指伸展,10,1,3,58575,16,6,0.120688353
1,5,6,无名指伸展,10,1,3,58575,16,7,0.129055104
1,5,6,无名指伸展,10,1,3,58575,16,8,0.137597717
1,5,6,无名指伸展,10,1,3,58575,16,9,0.147674302
1,5,6,无名指伸展,10,1,3,58575,16,10,0.155910697
1,5,6,无名指伸展,10,1,3,58575,16,11,0.163449092
1,5,6,无名指伸展,10,1,3,58575,16,12,0.171999500
1,5,6,无名指伸展,10,1,3,58575,16,13,0.180400261
1,5,6,无名指伸展,10,1,3,58575,16,14,0.190287052
1,5,6,无名指伸展,10,1,3,58575,16,15,0.199398185
1,5,6,无名指伸展,11,2,6,63927,1,1,0.048787160
1,5,6,无名指伸展,11,2,6,63927,1,2,0.076959278
1,5,6,无名指伸展,11,2,6,63927,1,3,0.091714859
1,5,6,无名指伸展,11,2,6,63927,1,4,0.104890262
1,5,6,无名指伸展,11,2,6,63927,1,5,0.116479396
1,5,6,无名指伸展,11,2,6,63927,1,6,0.125840686
1,5,6,无名指伸展,11,2,6,63927,1,7,0.134963665
1,5,6,无名指伸展,11,2,6,63927,1,8,0.143562705
1,5,6,无名指伸展,11,2,6,63927,1,9,0.150797113
1,5,6,无名指伸展,11,2,6,63927,1,10,0.157967843
1,5,6,无名指伸展,11,2,6,63927,1,11,0.165795762
1,5,6,无名指伸展,11,2,6,63927,1,12,0.174991941
1,5,6,无名指伸展,11,2,6,63927,1,13,0.183059075
1,5,6,无名指伸展,11,2,6,63927,1,14,0.192132664
1,5,6,无名指伸展,11,2,6,63927,2,1,0.081315733
1,5,6,无名指伸展,11,2,6,63927,2,2,0.105908597
1,5,6,无名指伸展,11,2,6,63927,2,3,0.119650526
1,5,6,无名指伸展,11,2,6,63927,2,4,0.134555260
1,5,6,无名指伸展,11,2,6,63927,2,5,0.154621123
1,5,6,无名指伸展,11,2,6,63927,2,6,0.174968930
1,5,6,无名指伸展,11,2,6,63927,2,7,0.188157131
1,5,6,无名指伸展,11,2,6,63927,2,8,0.197811185
1,5,6,无名指伸展,11,2,6,63927,3,1,0.051045383
1,5,6,无名指伸展,11,2,6,63927,3,2,0.080565026
1,5,6,无名指伸展,11,2,6,63927,3,3,0.100916470
1,5,6,无名指伸展,11,2,6,63927,3,4,0.115627003
1,5,6,无名指伸展,11,2,6,63927,3,5,0.129665174
1,5,6,无名指伸展,11,2,6,63927,3,6,0.139145158
1,5,6,无名指伸展,11,2,6,63927,3,7,0.148101614
1,5,6,无名指伸展,11,2,6,63927,3,8,0.158131031
1,5,6,无名指伸展,11,2,6,63927,3,9,0.167820037
1,5,6,无名指伸展,11,2,6,63927,3,10,0.178403176
1,5,6,无名指伸展,11,2,6,63927,3,11,0.190736365
1,5,6,无名指伸展,11,2,6,63927,4,1,0.062652086
1,5,6,无名指伸展,11,2,6,63927,4,2,0.089481431
1,5,6,无名指伸展,11,2,6,63927,4,3,0.107313811
1,5,6,无名指伸展,11,2,6,63927,4,4,0.122798619
1,5,6,无名指伸展,11,2,6,63927,4,5,0.137139701
1,5,6,无名指伸展,11,2,6,63927,4,6,0.147510650
1,5,6,无名指伸展,11,2,6,63927,4,7,0.158936287
1,5,6,无名指伸展,11,2,6,63927,4,8,0.169911777
1,5,6,无名指伸展,11,2,6,63927,4,9,0.181344236
1,5,6,无名指伸展,11,2,6,63927,4,10,0.191637308
1,5,6,无名指伸展,11,2,6,63927,5,1,0.054801372
1,5,6,无名指伸展,11,2,6,63927,5,2,0.082738251
1,5,6,无名指伸展,11,2,6,63927,5,3,0.108298431
1,5,6,无名指伸展,11,2,6,63927,5,4,0.123969063
1,5,6,无名指伸展,11,2,6,63927,5,5,0.142825761
1,5,6,无名指伸展,11,2,6,63927,5,6,0.162921203
1,5,6,无名指伸展,11,2,6,63927,5,7,0.184975989
1,5,6,无名指伸展,11,2,6,63927,6,1,0.057011369
1,5,6,无名指伸展,11,2,6,63927,6,2,0.113011032
1,5,6,无名指伸展,11,2,6,63927,6,3,0.144339798
1,5,6,无名指伸展,11,2,6,63927,6,4,0.162792229
1,5,6,无名指伸展,11,2,6,63927,6,5,0.181171080
1,5,6,无名指伸展,11,2,6,63927,6,6,0.195867156
1,5,6,无名指伸展,11,2,6,63927,7,1,0.051809690
1,5,6,无名指伸展,11,2,6,63927,7,2,0.070226547
1,5,6,无名指伸展,11,2,6,63927,7,3,0.081086565
1,5,6,无名指伸展,11,2,6,63927,7,4,0.090943422
1,5,6,无名指伸展,11,2,6,63927,7,5,0.100209997
1,5,6,无名指伸展,11,2,6,63927,7,6,0.111437902
1,5,6,无名指伸展,11,2,6,63927,7,7,0.122124208
1,5,6,无名指伸展,11,2,6,63927,7,8,0.133036013
1,5,6,无名指伸展,11,2,6,63927,7,9,0.142020605
1,5,6,无名指伸展,11,2,6,63927,7,10,0.150188375
1,5,6,无名指伸展,11,2,6,63927,7,11,0.157919299
1,5,6,无名指伸展,11,2,6,63927,7,12,0.165139546
1,5,6,无名指伸展,11,2,6,63927,7,13,0.172166671
1,5,6,无名指伸展,11,2,6,63927,7,14,0.179893898
1,5,6,无名指伸展,11,2,6,63927,7,15,0.189252172
1,5,6,无名指伸展,11,2,6,63927,7,16,0.197291974
1,5,6,无名指伸展,11,2,6,63927,8,1,0.056981887
1,5,6,无名指伸展,11,2,6,63927,8,2,0.086360517
1,5,6,无名指伸展,11,2,6,63927,8,3,0.102700694
1,5,6,无名指伸展,11,2,6,63927,8,4,0.112670627
1,5,6,无名指伸展,11,2,6,63927,8,5,0.122009613
1,5,6,无名指伸展,11,2,6,63927,8,6,0.133532088
1,5,6,无名指伸展,11,2,6,63927,8,7,0.143388797
1,5,6,无名指伸展,11,2,6,63927,8,8,0.151856905
1,5,6,无名指伸展,11,2,6,63927,8,9,0.159391700
1,5,6,无名指伸展,11,2,6,63927,8,10,0.166675279
1,5,6,无名指伸展,11,2,6,63927,8,11,0.173870116
1,5,6,无名指伸展,11,2,6,63927,8,12,0.181768314
1,5,6,无名指伸展,11,2,6,63927,8,13,0.189657780
1,5,6,无名指伸展,11,2,6,63927,8,14,0.196569665
1,5,6,无名指伸展,11,2,6,63927,9,1,0.054497839
1,5,6,无名指伸展,11,2,6,63927,9,2,0.077462164
1,5,6,无名指伸展,11,2,6,63927,9,3,0.099438221
1,5,6,无名指伸展,11,2,6,63927,9,4,0.112887645
1,5,6,无名指伸展,11,2,6,63927,9,5,0.126499281
1,5,6,无名指伸展,11,2,6,63927,9,6,0.137152125
1,5,6,无名指伸展,11,2,6,63927,9,7,0.147067883
1,5,6,无名指伸展,11,2,6,63927,9,8,0.156472821
1,5,6,无名指伸展,11,2,6,63927,9,9,0.167335963
1,5,6,无名指伸展,11,2,6,63927,9,10,0.177123724
1,5,6,无名指伸展,11,2,6,63927,9,11,0.188158049
1,5,6,无名指伸展,11,2,6,63927,9,12,0.199749179
1,5,6,无名指伸展,11,2,6,63927,10,1,0.118524539
1,5,6,无名指伸展,11,2,6,63927,10,2,0.143710469
1,5,6,无名指伸展,11,2,6,63927,10,3,0.178506516
1,5,6,无名指伸展,11,2,6,63927,11,1,0.055766283
1,5,6,无名指伸展,11,2,6,63927,11,2,0.100794561
1,5,6,无名指伸展,11,2,6,63927,11,3,0.124982482
1,5,6,无名指伸展,11,2,6,63927,11,4,0.142943979
1,5,6,无名指伸展,11,2,6,63927,11,5,0.159354688
1,5,6,无名指伸展,11,2,6,63927,11,6,0.172154829
1,5,6,无名指伸展,11,2,6,63927,12,1,0.060848062
1,5,6,无名指伸展,11,2,6,63927,12,2,0.099829913
1,5,6,无名指伸展,11,2,6,63927,12,3,0.125764395
1,5,6,无名指伸展,11,2,6,63927,12,4,0.146133906
1,5,6,无名指伸展,11,2,6,63927,12,5,0.159567686
1,5,6,无名指伸展,11,2,6,63927,12,6,0.170087794
1,5,6,无名指伸展,11,2,6,63927,12,7,0.186306339
1,5,6,无名指伸展,11,2,6,63927,13,1,0.073054144
1,5,6,无名指伸展,11,2,6,63927,13,2,0.099073639
1,5,6,无名指伸展,11,2,6,63927,13,3,0.129319053
1,5,6,无名指伸展,11,2,6,63927,13,4,0.147575386
1,5,6,无名指伸展,11,2,6,63927,13,5,0.166350625
1,5,6,无名指伸展,11,2,6,63927,13,6,0.180269593
1,5,6,无名指伸展,11,2,6,63927,13,7,0.193476339
1,5,6,无名指伸展,11,2,6,63927,14,1,0.054094730
1,5,6,无名指伸展,11,2,6,63927,14,2,0.093625825
1,5,6,无名指伸展,11,2,6,63927,14,3,0.107490400
1,5,6,无名指伸展,11,2,6,63927,14,4,0.117860154
1,5,6,无名指伸展,11,2,6,63927,14,5,0.130734452
1,5,6,无名指伸展,11,2,6,63927,14,6,0.140838473
1,5,6,无名指伸展,11,2,6,63927,14,7,0.151148801
1,5,6,无名指伸展,11,2,6,63927,14,8,0.162359905
1,5,6,无名指伸展,11,2,6,63927,14,9,0.172628594
1,5,6,无名指伸展,11,2,6,63927,14,10,0.182151175
1,5,6,无名指伸展,11,2,6,63927,14,11,0.190364148
1,5,6,无名指伸展,11,2,6,63927,14,12,0.197688164
1,5,6,无名指伸展,11,2,6,63927,15,1,0.048050914
1,5,6,无名指伸展,11,2,6,63927,15,2,0.065568046
1,5,6,无名指伸展,11,2,6,63927,15,3,0.079158247
1,5,6,无名指伸展,11,2,6,63927,15,4,0.094049039
1,5,6,无名指伸展,11,2,6,63927,15,5,0.106430529
1,5,6,无名指伸展,11,2,6,63927,15,6,0.118511616
1,5,6,无名指伸展,11,2,6,63927,15,7,0.127919880
1,5,6,无名指伸展,11,2,6,63927,15,8,0.136093627
1,5,6,无名指伸展,11,2,6,63927,15,9,0.143803067
1,5,6,无名指伸展,11,2,6,63927,15,10,0.153152678
1,5,6,无名指伸展,11,2,6,63927,15,11,0.164673314
1,5,6,无名指伸展,11,2,6,63927,15,12,0.172818382
1,5,6,无名指伸展,11,2,6,63927,15,13,0.179607602
1,5,6,无名指伸展,11,2,6,63927,15,14,0.186155552
1,5,6,无名指伸展,11,2,6,63927,15,15,0.192736372
1,5,6,无名指伸展,11,2,6,63927,15,16,0.199176094
1,5,6,无名指伸展,11,2,6,63927,16,1,0.048515222
1,5,6,无名指伸展,11,2,6,63927,16,2,0.066308735
1,5,6,无名指伸展,11,2,6,63927,16,3,0.078807408
1,5,6,无名指伸展,11,2,6,63927,16,4,0.093429279
1,5,6,无名指伸展,11,2,6,63927,16,5,0.105535930
1,5,6,无名指伸展,11,2,6,63927,16,6,0.116874684
1,5,6,无名指伸展,11,2,6,63927,16,7,0.126621709
1,5,6,无名指伸展,11,2,6,63927,16,8,0.135038688
1,5,6,无名指伸展,11,2,6,63927,16,9,0.142577613
1,5,6,无名指伸展,11,2,6,63927,16,10,0.149428846
1,5,6,无名指伸展,11,2,6,63927,16,11,0.156264123
1,5,6,无名指伸展,11,2,6,63927,16,12,0.163224396
1,5,6,无名指伸展,11,2,6,63927,16,13,0.170568122
1,5,6,无名指伸展,11,2,6,63927,16,14,0.178977229
1,5,6,无名指伸展,11,2,6,63927,16,15,0.186728025
1,5,6,无名指伸展,11,2,6,63927,16,16,0.193830704
1,6,7,小指屈曲,12,1,1,65883,1,1,0.049567655
1,6,7,小指屈曲,12,1,1,65883,1,2,0.086259049
1,6,7,小指屈曲,12,1,1,65883,1,3,0.104791449
1,6,7,小指屈曲,12,1,1,65883,1,4,0.121849667
1,6,7,小指屈曲,12,1,1,65883,1,5,0.135519536
1,6,7,小指屈曲,12,1,1,65883,1,6,0.144755574
1,6,7,小指屈曲,12,1,1,65883,1,7,0.156870211
1,6,7,小指屈曲,12,1,1,65883,1,8,0.167521422
1,6,7,小指屈曲,12,1,1,65883,1,9,0.178199589
1,6,7,小指屈曲,12,1,1,65883,1,10,0.188265162
1,6,7,小指屈曲,12,1,1,65883,1,11,0.196037144
1,6,7,小指屈曲,12,1,1,65883,2,1,0.062948544
1,6,7,小指屈曲,12,1,1,65883,2,2,0.086905682
1,6,7,小指屈曲,12,1,1,65883,2,3,0.110445535
1,6,7,小指屈曲,12,1,1,65883,2,4,0.125971125
1,6,7,小指屈曲,12,1,1,65883,2,5,0.139010173
1,6,7,小指屈曲,12,1,1,65883,2,6,0.151530843
1,6,7,小指屈曲,12,1,1,65883,2,7,0.161479349
1,6,7,小指屈曲,12,1,1,65883,2,8,0.169938339
1,6,7,小指屈曲,12,1,1,65883,2,9,0.178999908
1,6,7,小指屈曲,12,1,1,65883,2,10,0.187234833
1,6,7,小指屈曲,12,1,1,65883,2,11,0.196345742
1,6,7,小指屈曲,12,1,1,65883,3,1,0.051085760
1,6,7,小指屈曲,12,1,1,65883,3,2,0.074132970
1,6,7,小指屈曲,12,1,1,65883,3,3,0.092715343
1,6,7,小指屈曲,12,1,1,65883,3,4,0.104924798
1,6,7,小指屈曲,12,1,1,65883,3,5,0.114819785
1,6,7,小指屈曲,12,1,1,65883,3,6,0.125091124
1,6,7,小指屈曲,12,1,1,65883,3,7,0.134316040
1,6,7,小指屈曲,12,1,1,65883,3,8,0.142345882
1,6,7,小指屈曲,12,1,1,65883,3,9,0.150478003
1,6,7,小指屈曲,12,1,1,65883,3,10,0.158639607
1,6,7,小指屈曲,12,1,1,65883,3,11,0.168143745
1,6,7,小指屈曲,12,1,1,65883,3,12,0.177562117
1,6,7,小指屈曲,12,1,1,65883,3,13,0.189538436
1,6,7,小指屈曲,12,1,1,65883,4,1,0.055300758
1,6,7,小指屈曲,12,1,1,65883,4,2,0.098142615
1,6,7,小指屈曲,12,1,1,65883,4,3,0.109442611
1,6,7,小指屈曲,12,1,1,65883,4,4,0.119839317
1,6,7,小指屈曲,12,1,1,65883,4,5,0.131779300
1,6,7,小指屈曲,12,1,1,65883,4,6,0.143375106
1,6,7,小指屈曲,12,1,1,65883,4,7,0.152146981
1,6,7,小指屈曲,12,1,1,65883,4,8,0.161149215
1,6,7,小指屈曲,12,1,1,65883,4,9,0.170396113
1,6,7,小指屈曲,12,1,1,65883,4,10,0.178285941
1,6,7,小指屈曲,12,1,1,65883,4,11,0.186289198
1,6,7,小指屈曲,12,1,1,65883,4,12,0.194107672
1,6,7,小指屈曲,12,1,1,65883,5,1,0.075358503
1,6,7,小指屈曲,12,1,1,65883,5,2,0.117411525
1,6,7,小指屈曲,12,1,1,65883,5,3,0.145486203
1,6,7,小指屈曲,12,1,1,65883,5,4,0.161089282
1,6,7,小指屈曲,12,1,1,65883,5,5,0.177649538
1,6,7,小指屈曲,12,1,1,65883,5,6,0.191722299
1,6,7,小指屈曲,12,1,1,65883,6,1,0.066351066
1,6,7,小指屈曲,12,1,1,65883,6,2,0.087714255
1,6,7,小指屈曲,12,1,1,65883,6,3,0.116995628
1,6,7,小指屈曲,12,1,1,65883,6,4,0.144220516
1,6,7,小指屈曲,12,1,1,65883,6,5,0.158845100
1,6,7,小指屈曲,12,1,1,65883,6,6,0.169230002
1,6,7,小指屈曲,12,1,1,65883,6,7,0.178929326
1,6,7,小指屈曲,12,1,1,65883,6,8,0.187017925
1,6,7,小指屈曲,12,1,1,65883,6,9,0.195100369
1,6,7,小指屈曲,12,1,1,65883,7,1,0.046938113
1,6,7,小指屈曲,12,1,1,65883,7,2,0.064770691
1,6,7,小指屈曲,12,1,1,65883,7,3,0.075964016
1,6,7,小指屈曲,12,1,1,65883,7,4,0.085966819
1,6,7,小指屈曲,12,1,1,65883,7,5,0.098711833
1,6,7,小指屈曲,12,1,1,65883,7,6,0.109316945
1,6,7,小指屈曲,12,1,1,65883,7,7,0.118114342
1,6,7,小指屈曲,12,1,1,65883,7,8,0.126097785
1,6,7,小指屈曲,12,1,1,65883,7,9,0.133793640
1,6,7,小指屈曲,12,1,1,65883,7,10,0.141020628
1,6,7,小指屈曲,12,1,1,65883,7,11,0.150063683
1,6,7,小指屈曲,12,1,1,65883,7,12,0.158830610
1,6,7,小指屈曲,12,1,1,65883,7,13,0.166085786
1,6,7,小指屈曲,12,1,1,65883,7,14,0.172628814
1,6,7,小指屈曲,12,1,1,65883,7,15,0.178999324
1,6,7,小指屈曲,12,1,1,65883,7,16,0.185123173
1,6,7,小指屈曲,12,1,1,65883,7,17,0.192447636
1,6,7,小指屈曲,12,1,1,65883,8,1,0.046924562
1,6,7,小指屈曲,12,1,1,65883,8,2,0.068400860
1,6,7,小指屈曲,12,1,1,65883,8,3,0.086008805
1,6,7,小指屈曲,12,1,1,65883,8,4,0.098665432
1,6,7,小指屈曲,12,1,1,65883,8,5,0.111857643
1,6,7,小指屈曲,12,1,1,65883,8,6,0.123369276
1,6,7,小指屈曲,12,1,1,65883,8,7,0.135368190
1,6,7,小指屈曲,12,1,1,65883,8,8,0.144525031
1,6,7,小指屈曲,12,1,1,65883,8,9,0.152408329
1,6,7,小指屈曲,12,1,1,65883,8,10,0.159885850
1,6,7,小指屈曲,12,1,1,65883,8,11,0.167170242
1,6,7,小指屈曲,12,1,1,65883,8,12,0.174369386
1,6,7,小指屈曲,12,1,1,65883,8,13,0.181320881
1,6,7,小指屈曲,12,1,1,65883,8,14,0.187880532
1,6,7,小指屈曲,12,1,1,65883,8,15,0.194370669
1,6,7,小指屈曲,12,1,1,65883,9,1,0.057537456
1,6,7,小指屈曲,12,1,1,65883,9,2,0.074470077
1,6,7,小指屈曲,12,1,1,65883,9,3,0.089549378
1,6,7,小指屈曲,12,1,1,65883,9,4,0.103281534
1,6,7,小指屈曲,12,1,1,65883,9,5,0.116751762
1,6,7,小指屈曲,12,1,1,65883,9,6,0.140499898
1,6,7,小指屈曲,12,1,1,65883,9,7,0.153829695
1,6,7,小指屈曲,12,1,1,65883,9,8,0.165886339
1,6,7,小指屈曲,12,1,1,65883,9,9,0.176849178
1,6,7,小指屈曲,12,1,1,65883,9,10,0.185887818
1,6,7,小指屈曲,12,1,1,65883,9,11,0.194633308
1,6,7,小指屈曲,12,1,1,65883,10,1,0.142895688
1,6,7,小指屈曲,12,1,1,65883,10,2,0.165693839
1,6,7,小指屈曲,12,1,1,65883,11,1,0.065084936
1,6,7,小指屈曲,12,1,1,65883,11,2,0.081311757
1,6,7,小指屈曲,12,1,1,65883,11,3,0.093923153
1,6,7,小指屈曲,12,1,1,65883,11,4,0.105912663
1,6,7,小指屈曲,12,1,1,65883,11,5,0.118914119
1,6,7,小指屈曲,12,1,1,65883,11,6,0.132338223
1,6,7,小指屈曲,12,1,1,65883,11,7,0.143363757
1,6,7,小指屈曲,12,1,1,65883,11,8,0.153415346
1,6,7,小指屈曲,12,1,1,65883,11,9,0.165420072
1,6,7,小指屈曲,12,1,1,65883,11,10,0.176402754
1,6,7,小指屈曲,12,1,1,65883,11,11,0.185956973
1,6,7,小指屈曲,12,1,1,65883,11,12,0.198073167
1,6,7,小指屈曲,12,1,1,65883,12,1,0.074406948
1,6,7,小指屈曲,12,1,1,65883,12,2,0.113596577
1,6,7,小指屈曲,12,1,1,65883,12,3,0.142509371
1,6,7,小指屈曲,12,1,1,65883,12,4,0.154154563
1,6,7,小指屈曲,12,1,1,65883,12,5,0.171477123
1,6,7,小指屈曲,12,1,1,65883,12,6,0.181651826
1,6,7,小指屈曲,12,1,1,65883,12,7,0.190588838
1,6,7,小指屈曲,12,1,1,65883,12,8,0.199625026
1,6,7,小指屈曲,12,1,1,65883,13,1,0.111229405
1,6,7,小指屈曲,12,1,1,65883,13,2,0.137591133
1,6,7,小指屈曲,12,1,1,65883,13,3,0.151035921
1,6,7,小指屈曲,12,1,1,65883,13,4,0.164051619
1,6,7,小指屈曲,12,1,1,65883,13,5,0.176702189
1,6,7,小指屈曲,12,1,1,65883,13,6,0.190626693
1,6,7,小指屈曲,12,1,1,65883,14,1,0.064430987
1,6,7,小指屈曲,12,1,1,65883,14,2,0.087932795
1,6,7,小指屈曲,12,1,1,65883,14,3,0.106166235
1,6,7,小指屈曲,12,1,1,65883,14,4,0.121276981
1,6,7,小指屈曲,12,1,1,65883,14,5,0.135759169
1,6,7,小指屈曲,12,1,1,65883,14,6,0.147622972
1,6,7,小指屈曲,12,1,1,65883,14,7,0.164890006
1,6,7,小指屈曲,12,1,1,65883,14,8,0.176873100
1,6,7,小指屈曲,12,1,1,65883,14,9,0.192077807
1,6,7,小指屈曲,12,1,1,65883,15,1,0.045740601
1,6,7,小指屈曲,12,1,1,65883,15,2,0.068228163
1,6,7,小指屈曲,12,1,1,65883,15,3,0.083616113
1,6,7,小指屈曲,12,1,1,65883,15,4,0.095331108
1,6,7,小指屈曲,12,1,1,65883,15,5,0.104878102
1,6,7,小指屈曲,12,1,1,65883,15,6,0.113028813
1,6,7,小指屈曲,12,1,1,65883,15,7,0.122966069
1,6,7,小指屈曲,12,1,1,65883,15,8,0.133455445
1,6,7,小指屈曲,12,1,1,65883,15,9,0.142638331
1,6,7,小指屈曲,12,1,1,65883,15,10,0.150435526
1,6,7,小指屈曲,12,1,1,65883,15,11,0.157843464
1,6,7,小指屈曲,12,1,1,65883,15,12,0.165120707
1,6,7,小指屈曲,12,1,1,65883,15,13,0.172368392
1,6,7,小指屈曲,12,1,1,65883,15,14,0.181795497
1,6,7,小指屈曲,12,1,1,65883,15,15,0.190135918
1,6,7,小指屈曲,12,1,1,65883,15,16,0.198792263
1,6,7,小指屈曲,12,1,1,65883,16,1,0.053911481
1,6,7,小指屈曲,12,1,1,65883,16,2,0.070630216
1,6,7,小指屈曲,12,1,1,65883,16,3,0.081619324
1,6,7,小指屈曲,12,1,1,65883,16,4,0.091126680
1,6,7,小指屈曲,12,1,1,65883,16,5,0.101715968
1,6,7,小指屈曲,12,1,1,65883,16,6,0.111112858
1,6,7,小指屈曲,12,1,1,65883,16,7,0.119555004
1,6,7,小指屈曲,12,1,1,65883,16,8,0.127435057
1,6,7,小指屈曲,12,1,1,65883,16,9,0.135454883
1,6,7,小指屈曲,12,1,1,65883,16,10,0.143856712
1,6,7,小指屈曲,12,1,1,65883,16,11,0.151474145
1,6,7,小指屈曲,12,1,1,65883,16,12,0.158186228
1,6,7,小指屈曲,12,1,1,65883,16,13,0.164688654
1,6,7,小指屈曲,12,1,1,65883,16,14,0.171735583
1,6,7,小指屈曲,12,1,1,65883,16,15,0.179700106
1,6,7,小指屈曲,12,1,1,65883,16,16,0.186846627
1,6,7,小指屈曲,12,1,1,65883,16,17,0.194432572
1,6,7,小指屈曲,13,2,3,69114,1,1,0.044538511
1,6,7,小指屈曲,13,2,3,69114,1,2,0.063703195
1,6,7,小指屈曲,13,2,3,69114,1,3,0.081029864
1,6,7,小指屈曲,13,2,3,69114,1,4,0.097521127
1,6,7,小指屈曲,13,2,3,69114,1,5,0.112811209
1,6,7,小指屈曲,13,2,3,69114,1,6,0.124539390
1,6,7,小指屈曲,13,2,3,69114,1,7,0.136262211
1,6,7,小指屈曲,13,2,3,69114,1,8,0.148789472
1,6,7,小指屈曲,13,2,3,69114,1,9,0.159706958
1,6,7,小指屈曲,13,2,3,69114,1,10,0.170143431
1,6,7,小指屈曲,13,2,3,69114,1,11,0.178065785
1,6,7,小指屈曲,13,2,3,69114,1,12,0.185613568
1,6,7,小指屈曲,13,2,3,69114,1,13,0.193509078
1,6,7,小指屈曲,13,2,3,69114,2,1,0.052813696
1,6,7,小指屈曲,13,2,3,69114,2,2,0.086182102
1,6,7,小指屈曲,13,2,3,69114,2,3,0.100873797
1,6,7,小指屈曲,13,2,3,69114,2,4,0.113333023
1,6,7,小指屈曲,13,2,3,69114,2,5,0.124136663
1,6,7,小指屈曲,13,2,3,69114,2,6,0.134551935
1,6,7,小指屈曲,13,2,3,69114,2,7,0.145917034
1,6,7,小指屈曲,13,2,3,69114,2,8,0.156009807
1,6,7,小指屈曲,13,2,3,69114,2,9,0.167245856
1,6,7,小指屈曲,13,2,3,69114,2,10,0.175984281
1,6,7,小指屈曲,13,2,3,69114,2,11,0.183381864
1,6,7,小指屈曲,13,2,3,69114,2,12,0.190677959
1,6,7,小指屈曲,13,2,3,69114,2,13,0.198427727
1,6,7,小指屈曲,13,2,3,69114,3,1,0.050563515
1,6,7,小指屈曲,13,2,3,69114,3,2,0.079187381
1,6,7,小指屈曲,13,2,3,69114,3,3,0.090409454
1,6,7,小指屈曲,13,2,3,69114,3,4,0.100340479
1,6,7,小指屈曲,13,2,3,69114,3,5,0.112841327
1,6,7,小指屈曲,13,2,3,69114,3,6,0.124176045
1,6,7,小指屈曲,13,2,3,69114,3,7,0.136108608
1,6,7,小指屈曲,13,2,3,69114,3,8,0.147134886
1,6,7,小指屈曲,13,2,3,69114,3,9,0.158020889
1,6,7,小指屈曲,13,2,3,69114,3,10,0.171157917
1,6,7,小指屈曲,13,2,3,69114,3,11,0.179941495
1,6,7,小指屈曲,13,2,3,69114,3,12,0.187974319
1,6,7,小指屈曲,13,2,3,69114,3,13,0.195212098
1,6,7,小指屈曲,13,2,3,69114,4,1,0.045379408
1,6,7,小指屈曲,13,2,3,69114,4,2,0.067909301
1,6,7,小指屈曲,13,2,3,69114,4,3,0.081705108
1,6,7,小指屈曲,13,2,3,69114,4,4,0.092639702
1,6,7,小指屈曲,13,2,3,69114,4,5,0.102660831
1,6,7,小指屈曲,13,2,3,69114,4,6,0.111709235
1,6,7,小指屈曲,13,2,3,69114,4,7,0.120959992
1,6,7,小指屈曲,13,2,3,69114,4,8,0.130270872
1,6,7,小指屈曲,13,2,3,69114,4,9,0.139193524
1,6,7,小指屈曲,13,2,3,69114,4,10,0.147755795
1,6,7,小指屈曲,13,2,3,69114,4,11,0.155741888
1,6,7,小指屈曲,13,2,3,69114,4,12,0.167084605
1,6,7,小指屈曲,13,2,3,69114,4,13,0.178498162
1,6,7,小指屈曲,13,2,3,69114,4,14,0.187268661
1,6,7,小指屈曲,13,2,3,69114,4,15,0.194575907
1,6,7,小指屈曲,13,2,3,69114,5,1,0.044950134
1,6,7,小指屈曲,13,2,3,69114,5,2,0.065533010
1,6,7,小指屈曲,13,2,3,69114,5,3,0.080011426
1,6,7,小指屈曲,13,2,3,69114,5,4,0.090704535
1,6,7,小指屈曲,13,2,3,69114,5,5,0.100543673
1,6,7,小指屈曲,13,2,3,69114,5,6,0.109561462
1,6,7,小指屈曲,13,2,3,69114,5,7,0.117771052
1,6,7,小指屈曲,13,2,3,69114,5,8,0.125282101
1,6,7,小指屈曲,13,2,3,69114,5,9,0.132137982
1,6,7,小指屈曲,13,2,3,69114,5,10,0.138979259
1,6,7,小指屈曲,13,2,3,69114,5,11,0.147805214
1,6,7,小指屈曲,13,2,3,69114,5,12,0.156989637
1,6,7,小指屈曲,13,2,3,69114,5,13,0.164560637
1,6,7,小指屈曲,13,2,3,69114,5,14,0.171511043
1,6,7,小指屈曲,13,2,3,69114,5,15,0.177956741
1,6,7,小指屈曲,13,2,3,69114,5,16,0.185037157
1,6,7,小指屈曲,13,2,3,69114,5,17,0.193556437
1,6,7,小指屈曲,13,2,3,69114,6,1,0.044449131
1,6,7,小指屈曲,13,2,3,69114,6,2,0.061945513
1,6,7,小指屈曲,13,2,3,69114,6,3,0.073759848
1,6,7,小指屈曲,13,2,3,69114,6,4,0.084037511
1,6,7,小指屈曲,13,2,3,69114,6,5,0.093431246
1,6,7,小指屈曲,13,2,3,69114,6,6,0.102226009
1,6,7,小指屈曲,13,2,3,69114,6,7,0.110294805
1,6,7,小指屈曲,13,2,3,69114,6,8,0.117640970
1,6,7,小指屈曲,13,2,3,69114,6,9,0.124560383
1,6,7,小指屈曲,13,2,3,69114,6,10,0.131087203
1,6,7,小指屈曲,13,2,3,69114,6,11,0.137490425
1,6,7,小指屈曲,13,2,3,69114,6,12,0.143816197
1,6,7,小指屈曲,13,2,3,69114,6,13,0.150004806
1,6,7,小指屈曲,13,2,3,69114,6,14,0.156036404
1,6,7,小指屈曲,13,2,3,69114,6,15,0.161828042
1,6,7,小指屈曲,13,2,3,69114,6,16,0.167522596
1,6,7,小指屈曲,13,2,3,69114,6,17,0.173130482
1,6,7,小指屈曲,13,2,3,69114,6,18,0.178648242
1,6,7,小指屈曲,13,2,3,69114,6,19,0.184033353
1,6,7,小指屈曲,13,2,3,69114,6,20,0.189298497
1,6,7,小指屈曲,13,2,3,69114,6,21,0.194507121
1,6,7,小指屈曲,13,2,3,69114,6,22,0.199652951
1,6,7,小指屈曲,13,2,3,69114,7,1,0.045609672
1,6,7,小指屈曲,13,2,3,69114,7,2,0.062132089
1,6,7,小指屈曲,13,2,3,69114,7,3,0.073024190
1,6,7,小指屈曲,13,2,3,69114,7,4,0.082682908
1,6,7,小指屈曲,13,2,3,69114,7,5,0.091198047
1,6,7,小指屈曲,13,2,3,69114,7,6,0.099049671
1,6,7,小指屈曲,13,2,3,69114,7,7,0.106820551
1,6,7,小指屈曲,13,2,3,69114,7,8,0.114270046
1,6,7,小指屈曲,13,2,3,69114,7,9,0.121141700
1,6,7,小指屈曲,13,2,3,69114,7,10,0.128331417
1,6,7,小指屈曲,13,2,3,69114,7,11,0.137390506
1,6,7,小指屈曲,13,2,3,69114,7,12,0.145256042
1,6,7,小指屈曲,13,2,3,69114,7,13,0.152055484
1,6,7,小指屈曲,13,2,3,69114,7,14,0.158418420
1,6,7,小指屈曲,13,2,3,69114,7,15,0.164580219
1,6,7,小指屈曲,13,2,3,69114,7,16,0.170653170
1,6,7,小指屈曲,13,2,3,69114,7,17,0.176659644
1,6,7,小指屈曲,13,2,3,69114,7,18,0.182656048
1,6,7,小指屈曲,13,2,3,69114,7,19,0.188536966
1,6,7,小指屈曲,13,2,3,69114,7,20,0.194206305
1,6,7,小指屈曲,13,2,3,69114,7,21,0.199749257
1,6,7,小指屈曲,13,2,3,69114,8,1,0.047646693
1,6,7,小指屈曲,13,2,3,69114,8,2,0.072918852
1,6,7,小指屈曲,13,2,3,69114,8,3,0.089043604
1,6,7,小指屈曲,13,2,3,69114,8,4,0.101092241
1,6,7,小指屈曲,13,2,3,69114,8,5,0.112276268
1,6,7,小指屈曲,13,2,3,69114,8,6,0.121495657
1,6,7,小指屈曲,13,2,3,69114,8,7,0.131506588
1,6,7,小指屈曲,13,2,3,69114,8,8,0.143033873
1,6,7,小指屈曲,13,2,3,69114,8,9,0.153981062
1,6,7,小指屈曲,13,2,3,69114,8,10,0.164748409
1,6,7,小指屈曲,13,2,3,69114,8,11,0.174583903
1,6,7,小指屈曲,13,2,3,69114,8,12,0.183626402
1,6,7,小指屈曲,13,2,3,69114,8,13,0.191995539
1,6,7,小指屈曲,13,2,3,69114,9,1,0.044219112
1,6,7,小指屈曲,13,2,3,69114,9,2,0.062502665
1,6,7,小指屈曲,13,2,3,69114,9,3,0.083624518
1,6,7,小指屈曲,13,2,3,69114,9,4,0.097949938
1,6,7,小指屈曲,13,2,3,69114,9,5,0.108934492
1,6,7,小指屈曲,13,2,3,69114,9,6,0.120018191
1,6,7,小指屈曲,13,2,3,69114,9,7,0.129373700
1,6,7,小指屈曲,13,2,3,69114,9,8,0.137620851
1,6,7,小指屈曲,13,2,3,69114,9,9,0.145367257
1,6,7,小指屈曲,13,2,3,69114,9,10,0.153004054
1,6,7,小指屈曲,13,2,3,69114,9,11,0.160282698
1,6,7,小指屈曲,13,2,3,69114,9,12,0.171649104
1,6,7,小指屈曲,13,2,3,69114,9,13,0.182001695
1,6,7,小指屈曲,13,2,3,69114,9,14,0.189770980
1,6,7,小指屈曲,13,2,3,69114,9,15,0.197007546
1,6,7,小指屈曲,13,2,3,69114,10,1,0.047202277
1,6,7,小指屈曲,13,2,3,69114,10,2,0.069655409
1,6,7,小指屈曲,13,2,3,69114,10,3,0.086299068
1,6,7,小指屈曲,13,2,3,69114,10,4,0.097232164
1,6,7,小指屈曲,13,2,3,69114,10,5,0.108023528
1,6,7,小指屈曲,13,2,3,69114,10,6,0.117477372
1,6,7,小指屈曲,13,2,3,69114,10,7,0.126146229
1,6,7,小指屈曲,13,2,3,69114,10,8,0.133962791
1,6,7,小指屈曲,13,2,3,69114,10,9,0.141407374
1,6,7,小指屈曲,13,2,3,69114,10,10,0.148616511
1,6,7,小指屈曲,13,2,3,69114,10,11,0.155267823
1,6,7,小指屈曲,13,2,3,69114,10,12,0.162000172
1,6,7,小指屈曲,13,2,3,69114,10,13,0.170038885
1,6,7,小指屈曲,13,2,3,69114,10,14,0.178743844
1,6,7,小指屈曲,13,2,3,69114,10,15,0.187218651
1,6,7,小指屈曲,13,2,3,69114,10,16,0.197768138
1,6,7,小指屈曲,13,2,3,69114,11,1,0.052958138
1,6,7,小指屈曲,13,2,3,69114,11,2,0.073101265
1,6,7,小指屈曲,13,2,3,69114,11,3,0.086848902
1,6,7,小指屈曲,13,2,3,69114,11,4,0.099366654
1,6,7,小指屈曲,13,2,3,69114,11,5,0.111121632
1,6,7,小指屈曲,13,2,3,69114,11,6,0.122033692
1,6,7,小指屈曲,13,2,3,69114,11,7,0.133003069
1,6,7,小指屈曲,13,2,3,69114,11,8,0.144616080
1,6,7,小指屈曲,13,2,3,69114,11,9,0.154047744
1,6,7,小指屈曲,13,2,3,69114,11,10,0.161839075
1,6,7,小指屈曲,13,2,3,69114,11,11,0.171410024
1,6,7,小指屈曲,13,2,3,69114,11,12,0.182211423
1,6,7,小指屈曲,13,2,3,69114,11,13,0.194009040
1,6,7,小指屈曲,13,2,3,69114,12,1,0.048107251
1,6,7,小指屈曲,13,2,3,69114,12,2,0.066053593
1,6,7,小指屈曲,13,2,3,69114,12,3,0.078524937
1,6,7,小指屈曲,13,2,3,69114,12,4,0.090380538
1,6,7,小指屈曲,13,2,3,69114,12,5,0.101689768
1,6,7,小指屈曲,13,2,3,69114,12,6,0.111533701
1,6,7,小指屈曲,13,2,3,69114,12,7,0.120526785
1,6,7,小指屈曲,13,2,3,69114,12,8,0.128398501
1,6,7,小指屈曲,13,2,3,69114,12,9,0.135705750
1,6,7,小指屈曲,13,2,3,69114,12,10,0.142906128
1,6,7,小指屈曲,13,2,3,69114,12,11,0.150018631
1,6,7,小指屈曲,13,2,3,69114,12,12,0.157604761
1,6,7,小指屈曲,13,2,3,69114,12,13,0.166463895
1,6,7,小指屈曲,13,2,3,69114,12,14,0.174401622
1,6,7,小指屈曲,13,2,3,69114,12,15,0.181049232
1,6,7,小指屈曲,13,2,3,69114,12,16,0.188332964
1,6,7,小指屈曲,13,2,3,69114,12,17,0.197363239
1,6,7,小指屈曲,13,2,3,69114,13,1,0.043506076
1,6,7,小指屈曲,13,2,3,69114,13,2,0.065520017
1,6,7,小指屈曲,13,2,3,69114,13,3,0.079196844
1,6,7,小指屈曲,13,2,3,69114,13,4,0.089164710
1,6,7,小指屈曲,13,2,3,69114,13,5,0.097761370
1,6,7,小指屈曲,13,2,3,69114,13,6,0.105794970
1,6,7,小指屈曲,13,2,3,69114,13,7,0.113429502
1,6,7,小指屈曲,13,2,3,69114,13,8,0.120672544
1,6,7,小指屈曲,13,2,3,69114,13,9,0.127632569
1,6,7,小指屈曲,13,2,3,69114,13,10,0.134264555
1,6,7,小指屈曲,13,2,3,69114,13,11,0.140721032
1,6,7,小指屈曲,13,2,3,69114,13,12,0.147117543
1,6,7,小指屈曲,13,2,3,69114,13,13,0.153441439
1,6,7,小指屈曲,13,2,3,69114,13,14,0.159466930
1,6,7,小指屈曲,13,2,3,69114,13,15,0.165257842
1,6,7,小指屈曲,13,2,3,69114,13,16,0.171024383
1,6,7,小指屈曲,13,2,3,69114,13,17,0.178381402
1,6,7,小指屈曲,13,2,3,69114,13,18,0.185894228
1,6,7,小指屈曲,13,2,3,69114,13,19,0.192611820
1,6,7,小指屈曲,13,2,3,69114,13,20,0.198916902
1,6,7,小指屈曲,13,2,3,69114,14,1,0.044147135
1,6,7,小指屈曲,13,2,3,69114,14,2,0.060483652
1,6,7,小指屈曲,13,2,3,69114,14,3,0.071533233
1,6,7,小指屈曲,13,2,3,69114,14,4,0.081211787
1,6,7,小指屈曲,13,2,3,69114,14,5,0.090011202
1,6,7,小指屈曲,13,2,3,69114,14,6,0.098145150
1,6,7,小指屈曲,13,2,3,69114,14,7,0.105903797
1,6,7,小指屈曲,13,2,3,69114,14,8,0.113799613
1,6,7,小指屈曲,13,2,3,69114,14,9,0.123432474
1,6,7,小指屈曲,13,2,3,69114,14,10,0.131828126
1,6,7,小指屈曲,13,2,3,69114,14,11,0.139203252
1,6,7,小指屈曲,13,2,3,69114,14,12,0.145948036
1,6,7,小指屈曲,13,2,3,69114,14,13,0.152251491
1,6,7,小指屈曲,13,2,3,69114,14,14,0.158279461
1,6,7,小指屈曲,13,2,3,69114,14,15,0.165184467
1,6,7,小指屈曲,13,2,3,69114,14,16,0.173470766
1,6,7,小指屈曲,13,2,3,69114,14,17,0.180725738
1,6,7,小指屈曲,13,2,3,69114,14,18,0.187233174
1,6,7,小指屈曲,13,2,3,69114,14,19,0.193418765
1,6,7,小指屈曲,13,2,3,69114,14,20,0.199491918
1,6,7,小指屈曲,13,2,3,69114,15,1,0.043306879
1,6,7,小指屈曲,13,2,3,69114,15,2,0.059751901
1,6,7,小指屈曲,13,2,3,69114,15,3,0.071461445
1,6,7,小指屈曲,13,2,3,69114,15,4,0.081921055
1,6,7,小指屈曲,13,2,3,69114,15,5,0.091620836
1,6,7,小指屈曲,13,2,3,69114,15,6,0.104358060
1,6,7,小指屈曲,13,2,3,69114,15,7,0.114641949
1,6,7,小指屈曲,13,2,3,69114,15,8,0.122700847
1,6,7,小指屈曲,13,2,3,69114,15,9,0.129849011
1,6,7,小指屈曲,13,2,3,69114,15,10,0.136536994
1,6,7,小指屈曲,13,2,3,69114,15,11,0.142971469
1,6,7,小指屈曲,13,2,3,69114,15,12,0.149231291
1,6,7,小指屈曲,13,2,3,69114,15,13,0.155366094
1,6,7,小指屈曲,13,2,3,69114,15,14,0.161339764
1,6,7,小指屈曲,13,2,3,69114,15,15,0.167171734
1,6,7,小指屈曲,13,2,3,69114,15,16,0.172872091
1,6,7,小指屈曲,13,2,3,69114,15,17,0.179317911
1,6,7,小指屈曲,13,2,3,69114,15,18,0.187512019
1,6,7,小指屈曲,13,2,3,69114,15,19,0.195352229
1,6,7,小指屈曲,13,2,3,69114,16,1,0.043143532
1,6,7,小指屈曲,13,2,3,69114,16,2,0.059551314
1,6,7,小指屈曲,13,2,3,69114,16,3,0.070919363
1,6,7,小指屈曲,13,2,3,69114,16,4,0.081216833
1,6,7,小指屈曲,13,2,3,69114,16,5,0.090174418
1,6,7,小指屈曲,13,2,3,69114,16,6,0.098215959
1,6,7,小指屈曲,13,2,3,69114,16,7,0.105733161
1,6,7,小指屈曲,13,2,3,69114,16,8,0.114858350
1,6,7,小指屈曲,13,2,3,69114,16,9,0.123570341
1,6,7,小指屈曲,13,2,3,69114,16,10,0.131432179
1,6,7,小指屈曲,13,2,3,69114,16,11,0.141015781
1,6,7,小指屈曲,13,2,3,69114,16,12,0.149911130
1,6,7,小指屈曲,13,2,3,69114,16,13,0.157517760
1,6,7,小指屈曲,13,2,3,69114,16,14,0.164470379
1,6,7,小指屈曲,13,2,3,69114,16,15,0.170885013
1,6,7,小指屈曲,13,2,3,69114,16,16,0.176973848
1,6,7,小指屈曲,13,2,3,69114,16,17,0.182827306
1,6,7,小指屈曲,13,2,3,69114,16,18,0.188584473
1,6,7,小指屈曲,13,2,3,69114,16,19,0.194324623
1,7,8,小指伸展,14,1,1,75901,1,1,0.078048773
1,7,8,小指伸展,14,1,1,75901,1,2,0.095725582
1,7,8,小指伸展,14,1,1,75901,1,3,0.108156910
1,7,8,小指伸展,14,1,1,75901,1,4,0.119968792
1,7,8,小指伸展,14,1,1,75901,1,5,0.130906606
1,7,8,小指伸展,14,1,1,75901,1,6,0.192170524
1,7,8,小指伸展,14,1,1,75901,2,1,0.106279437
1,7,8,小指伸展,14,1,1,75901,2,2,0.125548476
1,7,8,小指伸展,14,1,1,75901,2,3,0.195987958
1,7,8,小指伸展,14,1,1,75901,3,1,0.105052843
1,7,8,小指伸展,14,1,1,75901,3,2,0.130070462
1,7,8,小指伸展,14,1,1,75901,4,1,0.090330289
1,7,8,小指伸展,14,1,1,75901,4,2,0.117419455
1,7,8,小指伸展,14,1,1,75901,4,3,0.131607444
1,7,8,小指伸展,14,1,1,75901,4,4,0.189041326
1,7,8,小指伸展,14,1,1,75901,5,1,0.064278355
1,7,8,小指伸展,14,1,1,75901,5,2,0.085506418
1,7,8,小指伸展,14,1,1,75901,5,3,0.098870029
1,7,8,小指伸展,14,1,1,75901,5,4,0.118827428
1,7,8,小指伸展,14,1,1,75901,5,5,0.130308484
1,7,8,小指伸展,14,1,1,75901,5,6,0.145517632
1,7,8,小指伸展,14,1,1,75901,5,7,0.162214554
1,7,8,小指伸展,14,1,1,75901,5,8,0.172113003
1,7,8,小指伸展,14,1,1,75901,5,9,0.182193776
1,7,8,小指伸展,14,1,1,75901,5,10,0.193356551
1,7,8,小指伸展,14,1,1,75901,6,1,0.063638757
1,7,8,小指伸展,14,1,1,75901,6,2,0.083474507
1,7,8,小指伸展,14,1,1,75901,6,3,0.096867372
1,7,8,小指伸展,14,1,1,75901,6,4,0.109429240
1,7,8,小指伸展,14,1,1,75901,6,5,0.122071683
1,7,8,小指伸展,14,1,1,75901,6,6,0.133482665
1,7,8,小指伸展,14,1,1,75901,6,7,0.147906673
1,7,8,小指伸展,14,1,1,75901,6,8,0.160925771
1,7,8,小指伸展,14,1,1,75901,6,9,0.173165608
1,7,8,小指伸展,14,1,1,75901,6,10,0.189654349
1,7,8,小指伸展,14,1,1,75901,7,1,0.046421534
1,7,8,小指伸展,14,1,1,75901,7,2,0.071984038
1,7,8,小指伸展,14,1,1,75901,7,3,0.085371790
1,7,8,小指伸展,14,1,1,75901,7,4,0.097749317
1,7,8,小指伸展,14,1,1,75901,7,5,0.110949889
1,7,8,小指伸展,14,1,1,75901,7,6,0.121016633
1,7,8,小指伸展,14,1,1,75901,7,7,0.132626840
1,7,8,小指伸展,14,1,1,75901,7,8,0.144406037
1,7,8,小指伸展,14,1,1,75901,7,9,0.158055120
1,7,8,小指伸展,14,1,1,75901,7,10,0.167607905
1,7,8,小指伸展,14,1,1,75901,7,11,0.177411175
1,7,8,小指伸展,14,1,1,75901,7,12,0.186959590
1,7,8,小指伸展,14,1,1,75901,7,13,0.195272098
1,7,8,小指伸展,14,1,1,75901,8,1,0.044168307
1,7,8,小指伸展,14,1,1,75901,8,2,0.080200083
1,7,8,小指伸展,14,1,1,75901,8,3,0.096972187
1,7,8,小指伸展,14,1,1,75901,8,4,0.110677687
1,7,8,小指伸展,14,1,1,75901,8,5,0.123034293
1,7,8,小指伸展,14,1,1,75901,8,6,0.133819166
1,7,8,小指伸展,14,1,1,75901,8,7,0.182924307
1,7,8,小指伸展,14,1,1,75901,9,1,0.059686525
1,7,8,小指伸展,14,1,1,75901,9,2,0.121738042
1,7,8,小指伸展,14,1,1,75901,9,3,0.153683962
1,7,8,小指伸展,14,1,1,75901,9,4,0.169172282
1,7,8,小指伸展,14,1,1,75901,9,5,0.187721393
1,7,8,小指伸展,14,1,1,75901,10,1,0.077326853
1,7,8,小指伸展,14,1,1,75901,10,2,0.114043397
1,7,8,小指伸展,14,1,1,75901,10,3,0.132027654
1,7,8,小指伸展,14,1,1,75901,10,4,0.145750572
1,7,8,小指伸展,14,1,1,75901,10,5,0.159905462
1,7,8,小指伸展,14,1,1,75901,10,6,0.177977939
1,7,8,小指伸展,14,1,1,75901,10,7,0.196054104
1,7,8,小指伸展,14,1,1,75901,11,1,0.070351557
1,7,8,小指伸展,14,1,1,75901,11,2,0.108247143
1,7,8,小指伸展,14,1,1,75901,11,3,0.135859055
1,7,8,小指伸展,14,1,1,75901,11,4,0.152101031
1,7,8,小指伸展,14,1,1,75901,11,5,0.164944688
1,7,8,小指伸展,14,1,1,75901,11,6,0.193246938
1,7,8,小指伸展,14,1,1,75901,12,1,0.078143848
1,7,8,小指伸展,14,1,1,75901,12,2,0.124227461
1,7,8,小指伸展,14,1,1,75901,12,3,0.149377316
1,7,8,小指伸展,14,1,1,75901,12,4,0.167524758
1,7,8,小指伸展,14,1,1,75901,12,5,0.182420671
1,7,8,小指伸展,14,1,1,75901,13,1,0.056755670
1,7,8,小指伸展,14,1,1,75901,13,2,0.085519438
1,7,8,小指伸展,14,1,1,75901,13,3,0.105813869
1,7,8,小指伸展,14,1,1,75901,13,4,0.118780996
1,7,8,小指伸展,14,1,1,75901,13,5,0.133579640
1,7,8,小指伸展,14,1,1,75901,13,6,0.151361074
1,7,8,小指伸展,14,1,1,75901,13,7,0.166849515
1,7,8,小指伸展,14,1,1,75901,13,8,0.176037543
1,7,8,小指伸展,14,1,1,75901,13,9,0.187015289
1,7,8,小指伸展,14,1,1,75901,13,10,0.199069750
1,7,8,小指伸展,14,1,1,75901,14,1,0.051756963
1,7,8,小指伸展,14,1,1,75901,14,2,0.094164164
1,7,8,小指伸展,14,1,1,75901,14,3,0.108577093
1,7,8,小指伸展,14,1,1,75901,14,4,0.118818539
1,7,8,小指伸展,14,1,1,75901,14,5,0.130354404
1,7,8,小指伸展,14,1,1,75901,14,6,0.140493110
1,7,8,小指伸展,14,1,1,75901,14,7,0.149366449
1,7,8,小指伸展,14,1,1,75901,14,8,0.159123863
1,7,8,小指伸展,14,1,1,75901,14,9,0.168650391
1,7,8,小指伸展,14,1,1,75901,14,10,0.179403008
1,7,8,小指伸展,14,1,1,75901,14,11,0.189799542
1,7,8,小指伸展,14,1,1,75901,14,12,0.198931172
1,7,8,小指伸展,14,1,1,75901,15,1,0.058486033
1,7,8,小指伸展,14,1,1,75901,15,2,0.076370784
1,7,8,小指伸展,14,1,1,75901,15,3,0.089491171
1,7,8,小指伸展,14,1,1,75901,15,4,0.099832468
1,7,8,小指伸展,14,1,1,75901,15,5,0.110075628
1,7,8,小指伸展,14,1,1,75901,15,6,0.118573876
1,7,8,小指伸展,14,1,1,75901,15,7,0.128897009
1,7,8,小指伸展,14,1,1,75901,15,8,0.138548682
1,7,8,小指伸展,14,1,1,75901,15,9,0.146693605
1,7,8,小指伸展,14,1,1,75901,15,10,0.154615847
1,7,8,小指伸展,14,1,1,75901,15,11,0.163273783
1,7,8,小指伸展,14,1,1,75901,15,12,0.174199044
1,7,8,小指伸展,14,1,1,75901,15,13,0.185883986
1,7,8,小指伸展,14,1,1,75901,15,14,0.194551162
1,7,8,小指伸展,14,1,1,75901,16,1,0.055823467
1,7,8,小指伸展,14,1,1,75901,16,2,0.075765930
1,7,8,小指伸展,14,1,1,75901,16,3,0.095871374
1,7,8,小指伸展,14,1,1,75901,16,4,0.109719644
1,7,8,小指伸展,14,1,1,75901,16,5,0.119542171
1,7,8,小指伸展,14,1,1,75901,16,6,0.131173191
1,7,8,小指伸展,14,1,1,75901,16,7,0.142437663
1,7,8,小指伸展,14,1,1,75901,16,8,0.155169107
1,7,8,小指伸展,14,1,1,75901,16,9,0.165862444
1,7,8,小指伸展,14,1,1,75901,16,10,0.174270949
1,7,8,小指伸展,14,1,1,75901,16,11,0.182786366
1,7,8,小指伸展,14,1,1,75901,16,12,0.191868276
1,7,8,小指伸展,14,1,1,75901,16,13,0.199128230
1,7,8,小指伸展,15,2,6,85317,1,1,0.081612637
1,7,8,小指伸展,15,2,6,85317,1,2,0.102414806
1,7,8,小指伸展,15,2,6,85317,1,3,0.117285934
1,7,8,小指伸展,15,2,6,85317,1,4,0.128883049
1,7,8,小指伸展,15,2,6,85317,1,5,0.140962585
1,7,8,小指伸展,15,2,6,85317,1,6,0.152004977
1,7,8,小指伸展,15,2,6,85317,1,7,0.164625810
1,7,8,小指伸展,15,2,6,85317,1,8,0.177175209
1,7,8,小指伸展,15,2,6,85317,1,9,0.186118906
1,7,8,小指伸展,15,2,6,85317,1,10,0.194644222
1,7,8,小指伸展,15,2,6,85317,2,1,0.078003132
1,7,8,小指伸展,15,2,6,85317,2,2,0.101267827
1,7,8,小指伸展,15,2,6,85317,2,3,0.122879946
1,7,8,小指伸展,15,2,6,85317,2,4,0.139767766
1,7,8,小指伸展,15,2,6,85317,2,5,0.158454717
1,7,8,小指伸展,15,2,6,85317,2,6,0.171846014
1,7,8,小指伸展,15,2,6,85317,2,7,0.190307382
1,7,8,小指伸展,15,2,6,85317,3,1,0.074669205
1,7,8,小指伸展,15,2,6,85317,3,2,0.122694262
1,7,8,小指伸展,15,2,6,85317,3,3,0.138016181
1,7,8,小指伸展,15,2,6,85317,3,4,0.148899457
1,7,8,小指伸展,15,2,6,85317,3,5,0.167195452
1,7,8,小指伸展,15,2,6,85317,3,6,0.183593295
1,7,8,小指伸展,15,2,6,85317,3,7,0.194057036
1,7,8,小指伸展,15,2,6,85317,4,1,0.074996995
1,7,8,小指伸展,15,2,6,85317,4,2,0.105756977
1,7,8,小指伸展,15,2,6,85317,4,3,0.119681873
1,7,8,小指伸展,15,2,6,85317,4,4,0.131239494
1,7,8,小指伸展,15,2,6,85317,4,5,0.142856074
1,7,8,小指伸展,15,2,6,85317,4,6,0.153610997
1,7,8,小指伸展,15,2,6,85317,4,7,0.163581878
1,7,8,小指伸展,15,2,6,85317,4,8,0.174459011
1,7,8,小指伸展,15,2,6,85317,4,9,0.185321264
1,7,8,小指伸展,15,2,6,85317,4,10,0.195130714
1,7,8,小指伸展,15,2,6,85317,5,1,0.055088193
1,7,8,小指伸展,15,2,6,85317,5,2,0.076164169
1,7,8,小指伸展,15,2,6,85317,5,3,0.091854795
1,7,8,小指伸展,15,2,6,85317,5,4,0.104543282
1,7,8,小指伸展,15,2,6,85317,5,5,0.117709687
1,7,8,小指伸展,15,2,6,85317,5,6,0.127852697
1,7,8,小指伸展,15,2,6,85317,5,7,0.136395885
1,7,8,小指伸展,15,2,6,85317,5,8,0.144888517
1,7,8,小指伸展,15,2,6,85317,5,9,0.152713827
1,7,8,小指伸展,15,2,6,85317,5,10,0.160045649
1,7,8,小指伸展,15,2,6,85317,5,11,0.167310098
1,7,8,小指伸展,15,2,6,85317,5,12,0.175341311
1,7,8,小指伸展,15,2,6,85317,5,13,0.182759790
1,7,8,小指伸展,15,2,6,85317,5,14,0.189749729
1,7,8,小指伸展,15,2,6,85317,5,15,0.196359879
1,7,8,小指伸展,15,2,6,85317,6,1,0.070134776
1,7,8,小指伸展,15,2,6,85317,6,2,0.094247364
1,7,8,小指伸展,15,2,6,85317,6,3,0.107147124
1,7,8,小指伸展,15,2,6,85317,6,4,0.118124344
1,7,8,小指伸展,15,2,6,85317,6,5,0.128632885
1,7,8,小指伸展,15,2,6,85317,6,6,0.141979907
1,7,8,小指伸展,15,2,6,85317,6,7,0.153773235
1,7,8,小指伸展,15,2,6,85317,6,8,0.163811385
1,7,8,小指伸展,15,2,6,85317,6,9,0.175241475
1,7,8,小指伸展,15,2,6,85317,6,10,0.186352914
1,7,8,小指伸展,15,2,6,85317,6,11,0.196461843
1,7,8,小指伸展,15,2,6,85317,7,1,0.054107979
1,7,8,小指伸展,15,2,6,85317,7,2,0.074210393
1,7,8,小指伸展,15,2,6,85317,7,3,0.086363830
1,7,8,小指伸展,15,2,6,85317,7,4,0.098434930
1,7,8,小指伸展,15,2,6,85317,7,5,0.108554200
1,7,8,小指伸展,15,2,6,85317,7,6,0.118789131
1,7,8,小指伸展,15,2,6,85317,7,7,0.130237680
1,7,8,小指伸展,15,2,6,85317,7,8,0.140611518
1,7,8,小指伸展,15,2,6,85317,7,9,0.149163447
1,7,8,小指伸展,15,2,6,85317,7,10,0.157045194
1,7,8,小指伸展,15,2,6,85317,7,11,0.166586945
1,7,8,小指伸展,15,2,6,85317,7,12,0.178037372
1,7,8,小指伸展,15,2,6,85317,7,13,0.187071710
1,7,8,小指伸展,15,2,6,85317,7,14,0.195768823
1,7,8,小指伸展,15,2,6,85317,8,1,0.067092275
1,7,8,小指伸展,15,2,6,85317,8,2,0.106370100
1,7,8,小指伸展,15,2,6,85317,8,3,0.123066540
1,7,8,小指伸展,15,2,6,85317,8,4,0.136841968
1,7,8,小指伸展,15,2,6,85317,8,5,0.147645728
1,7,8,小指伸展,15,2,6,85317,8,6,0.159691364
1,7,8,小指伸展,15,2,6,85317,8,7,0.174621628
1,7,8,小指伸展,15,2,6,85317,8,8,0.187301016
1,7,8,小指伸展,15,2,6,85317,8,9,0.196010999
1,7,8,小指伸展,15,2,6,85317,9,1,0.074680418
1,7,8,小指伸展,15,2,6,85317,9,2,0.115898956
1,7,8,小指伸展,15,2,6,85317,9,3,0.140551214
1,7,8,小指伸展,15,2,6,85317,9,4,0.151982766
1,7,8,小指伸展,15,2,6,85317,9,5,0.161558882
1,7,8,小指伸展,15,2,6,85317,9,6,0.170149947
1,7,8,小指伸展,15,2,6,85317,9,7,0.179550109
1,7,8,小指伸展,15,2,6,85317,9,8,0.190360000
1,7,8,小指伸展,15,2,6,85317,10,1,0.049986852
1,7,8,小指伸展,15,2,6,85317,10,2,0.070994540
1,7,8,小指伸展,15,2,6,85317,10,3,0.089374991
1,7,8,小指伸展,15,2,6,85317,10,4,0.110047210
1,7,8,小指伸展,15,2,6,85317,10,5,0.122206014
1,7,8,小指伸展,15,2,6,85317,10,6,0.134402212
1,7,8,小指伸展,15,2,6,85317,10,7,0.144685073
1,7,8,小指伸展,15,2,6,85317,10,8,0.155969075
1,7,8,小指伸展,15,2,6,85317,10,9,0.165369650
1,7,8,小指伸展,15,2,6,85317,10,10,0.174148979
1,7,8,小指伸展,15,2,6,85317,10,11,0.182946875
1,7,8,小指伸展,15,2,6,85317,10,12,0.190205372
1,7,8,小指伸展,15,2,6,85317,10,13,0.197530167
1,7,8,小指伸展,15,2,6,85317,11,1,0.072679799
1,7,8,小指伸展,15,2,6,85317,11,2,0.098465791
1,7,8,小指伸展,15,2,6,85317,11,3,0.113995899
1,7,8,小指伸展,15,2,6,85317,11,4,0.128525321
1,7,8,小指伸展,15,2,6,85317,11,5,0.146532894
1,7,8,小指伸展,15,2,6,85317,11,6,0.158955916
1,7,8,小指伸展,15,2,6,85317,11,7,0.168261034
1,7,8,小指伸展,15,2,6,85317,11,8,0.177492176
1,7,8,小指伸展,15,2,6,85317,11,9,0.186119684
1,7,8,小指伸展,15,2,6,85317,11,10,0.194541754
1,7,8,小指伸展,15,2,6,85317,12,1,0.061516060
1,7,8,小指伸展,15,2,6,85317,12,2,0.082058241
1,7,8,小指伸展,15,2,6,85317,12,3,0.097281410
1,7,8,小指伸展,15,2,6,85317,12,4,0.108573884
1,7,8,小指伸展,15,2,6,85317,12,5,0.117267592
1,7,8,小指伸展,15,2,6,85317,12,6,0.126385373
1,7,8,小指伸展,15,2,6,85317,12,7,0.136783054
1,7,8,小指伸展,15,2,6,85317,12,8,0.146289972
1,7,8,小指伸展,15,2,6,85317,12,9,0.154383847
1,7,8,小指伸展,15,2,6,85317,12,10,0.162021685
1,7,8,小指伸展,15,2,6,85317,12,11,0.168942372
1,7,8,小指伸展,15,2,6,85317,12,12,0.175782921
1,7,8,小指伸展,15,2,6,85317,12,13,0.183312853
1,7,8,小指伸展,15,2,6,85317,12,14,0.193363472
1,7,8,小指伸展,15,2,6,85317,13,1,0.062377662
1,7,8,小指伸展,15,2,6,85317,13,2,0.086321776
1,7,8,小指伸展,15,2,6,85317,13,3,0.102289122
1,7,8,小指伸展,15,2,6,85317,13,4,0.113903435
1,7,8,小指伸展,15,2,6,85317,13,5,0.127302722
1,7,8,小指伸展,15,2,6,85317,13,6,0.136524161
1,7,8,小指伸展,15,2,6,85317,13,7,0.144393032
1,7,8,小指伸展,15,2,6,85317,13,8,0.151611816
1,7,8,小指伸展,15,2,6,85317,13,9,0.158572109
1,7,8,小指伸展,15,2,6,85317,13,10,0.165488240
1,7,8,小指伸展,15,2,6,85317,13,11,0.174425237
1,7,8,小指伸展,15,2,6,85317,13,12,0.183696684
1,7,8,小指伸展,15,2,6,85317,13,13,0.195464405
1,7,8,小指伸展,15,2,6,85317,14,1,0.045643259
1,7,8,小指伸展,15,2,6,85317,14,2,0.072776811
1,7,8,小指伸展,15,2,6,85317,14,3,0.089511300
1,7,8,小指伸展,15,2,6,85317,14,4,0.100977462
1,7,8,小指伸展,15,2,6,85317,14,5,0.110713581
1,7,8,小指伸展,15,2,6,85317,14,6,0.122624963
1,7,8,小指伸展,15,2,6,85317,14,7,0.132958692
1,7,8,小指伸展,15,2,6,85317,14,8,0.142005549
1,7,8,小指伸展,15,2,6,85317,14,9,0.151680922
1,7,8,小指伸展,15,2,6,85317,14,10,0.162060462
1,7,8,小指伸展,15,2,6,85317,14,11,0.170588009
1,7,8,小指伸展,15,2,6,85317,14,12,0.177688603
1,7,8,小指伸展,15,2,6,85317,14,13,0.184696542
1,7,8,小指伸展,15,2,6,85317,14,14,0.193351765
1,7,8,小指伸展,15,2,6,85317,15,1,0.048180473
1,7,8,小指伸展,15,2,6,85317,15,2,0.077830694
1,7,8,小指伸展,15,2,6,85317,15,3,0.092894648
1,7,8,小指伸展,15,2,6,85317,15,4,0.105913740
1,7,8,小指伸展,15,2,6,85317,15,5,0.116908059
1,7,8,小指伸展,15,2,6,85317,15,6,0.130533824
1,7,8,小指伸展,15,2,6,85317,15,7,0.139355266
1,7,8,小指伸展,15,2,6,85317,15,8,0.147831896
1,7,8,小指伸展,15,2,6,85317,15,9,0.158189911
1,7,8,小指伸展,15,2,6,85317,15,10,0.167637661
1,7,8,小指伸展,15,2,6,85317,15,11,0.175835073
1,7,8,小指伸展,15,2,6,85317,15,12,0.183378701
1,7,8,小指伸展,15,2,6,85317,15,13,0.190252215
1,7,8,小指伸展,15,2,6,85317,15,14,0.197336589
1,7,8,小指伸展,15,2,6,85317,16,1,0.054720359
1,7,8,小指伸展,15,2,6,85317,16,2,0.079726236
1,7,8,小指伸展,15,2,6,85317,16,3,0.094559091
1,7,8,小指伸展,15,2,6,85317,16,4,0.106639766
1,7,8,小指伸展,15,2,6,85317,16,5,0.115475635
1,7,8,小指伸展,15,2,6,85317,16,6,0.124243663
1,7,8,小指伸展,15,2,6,85317,16,7,0.132627568
1,7,8,小指伸展,15,2,6,85317,16,8,0.140281560
1,7,8,小指伸展,15,2,6,85317,16,9,0.147601986
1,7,8,小指伸展,15,2,6,85317,16,10,0.154664156
1,7,8,小指伸展,15,2,6,85317,16,11,0.161844340
1,7,8,小指伸展,15,2,6,85317,16,12,0.168485664
1,7,8,小指伸展,15,2,6,85317,16,13,0.175169264
1,7,8,小指伸展,15,2,6,85317,16,14,0.182011428
1,7,8,小指伸展,15,2,6,85317,16,15,0.190771802
1,7,8,小指伸展,15,2,6,85317,16,16,0.198709475
1,8,9,拇指内收,16,1,1,86968,1,1,0.062354571
1,8,9,拇指内收,16,1,1,86968,1,2,0.097482092
1,8,9,拇指内收,16,1,1,86968,1,3,0.111520269
1,8,9,拇指内收,16,1,1,86968,1,4,0.149715194
1,8,9,拇指内收,16,1,1,86968,1,5,0.164390900
1,8,9,拇指内收,16,1,1,86968,1,6,0.176649434
1,8,9,拇指内收,16,1,1,86968,1,7,0.187209057
1,8,9,拇指内收,16,1,1,86968,1,8,0.197600600
1,8,9,拇指内收,16,1,1,86968,2,1,0.047546854
1,8,9,拇指内收,16,1,1,86968,2,2,0.071070444
1,8,9,拇指内收,16,1,1,86968,2,3,0.087502075
1,8,9,拇指内收,16,1,1,86968,2,4,0.103528646
1,8,9,拇指内收,16,1,1,86968,2,5,0.117242490
1,8,9,拇指内收,16,1,1,86968,2,6,0.127136344
1,8,9,拇指内收,16,1,1,86968,2,7,0.137242950
1,8,9,拇指内收,16,1,1,86968,2,8,0.146827460
1,8,9,拇指内收,16,1,1,86968,2,9,0.155654924
1,8,9,拇指内收,16,1,1,86968,2,10,0.164090550
1,8,9,拇指内收,16,1,1,86968,2,11,0.173696284
1,8,9,拇指内收,16,1,1,86968,2,12,0.182389579
1,8,9,拇指内收,16,1,1,86968,2,13,0.190014032
1,8,9,拇指内收,16,1,1,86968,2,14,0.198743117
1,8,9,拇指内收,16,1,1,86968,3,1,0.056170528
1,8,9,拇指内收,16,1,1,86968,3,2,0.099018852
1,8,9,拇指内收,16,1,1,86968,3,3,0.113356418
1,8,9,拇指内收,16,1,1,86968,3,4,0.128135687
1,8,9,拇指内收,16,1,1,86968,3,5,0.138548517
1,8,9,拇指内收,16,1,1,86968,3,6,0.148129007
1,8,9,拇指内收,16,1,1,86968,3,7,0.158090354
1,8,9,拇指内收,16,1,1,86968,3,8,0.167811323
1,8,9,拇指内收,16,1,1,86968,3,9,0.180102113
1,8,9,拇指内收,16,1,1,86968,3,10,0.190626682
1,8,9,拇指内收,16,1,1,86968,4,1,0.050027981
1,8,9,拇指内收,16,1,1,86968,4,2,0.070779479
1,8,9,拇指内收,16,1,1,86968,4,3,0.088075982
1,8,9,拇指内收,16,1,1,86968,4,4,0.103130322
1,8,9,拇指内收,16,1,1,86968,4,5,0.115390276
1,8,9,拇指内收,16,1,1,86968,4,6,0.128380965
1,8,9,拇指内收,16,1,1,86968,4,7,0.141001357
1,8,9,拇指内收,16,1,1,86968,4,8,0.151938079
1,8,9,拇指内收,16,1,1,86968,4,9,0.160862082
1,8,9,拇指内收,16,1,1,86968,4,10,0.169589366
1,8,9,拇指内收,16,1,1,86968,4,11,0.180578476
1,8,9,拇指内收,16,1,1,86968,4,12,0.190915913
1,8,9,拇指内收,16,1,1,86968,5,1,0.044723401
1,8,9,拇指内收,16,1,1,86968,5,2,0.062092192
1,8,9,拇指内收,16,1,1,86968,5,3,0.074079805
1,8,9,拇指内收,16,1,1,86968,5,4,0.084058898
1,8,9,拇指内收,16,1,1,86968,5,5,0.093857177
1,8,9,拇指内收,16,1,1,86968,5,6,0.105139772
1,8,9,拇指内收,16,1,1,86968,5,7,0.114500292
1,8,9,拇指内收,16,1,1,86968,5,8,0.125049106
1,8,9,拇指内收,16,1,1,86968,5,9,0.135323469
1,8,9,拇指内收,16,1,1,86968,5,10,0.144738499
1,8,9,拇指内收,16,1,1,86968,5,11,0.152918062
1,8,9,拇指内收,16,1,1,86968,5,12,0.160323668
1,8,9,拇指内收,16,1,1,86968,5,13,0.167240803
1,8,9,拇指内收,16,1,1,86968,5,14,0.173591784
1,8,9,拇指内收,16,1,1,86968,5,15,0.179730451
1,8,9,拇指内收,16,1,1,86968,5,16,0.185755741
1,8,9,拇指内收,16,1,1,86968,5,17,0.192517970
1,8,9,拇指内收,16,1,1,86968,6,1,0.044859268
1,8,9,拇指内收,16,1,1,86968,6,2,0.063190685
1,8,9,拇指内收,16,1,1,86968,6,3,0.081571510
1,8,9,拇指内收,16,1,1,86968,6,4,0.093736424
1,8,9,拇指内收,16,1,1,86968,6,5,0.104209408
1,8,9,拇指内收,16,1,1,86968,6,6,0.112954921
1,8,9,拇指内收,16,1,1,86968,6,7,0.122738645
1,8,9,拇指内收,16,1,1,86968,6,8,0.132858372
1,8,9,拇指内收,16,1,1,86968,6,9,0.141030325
1,8,9,拇指内收,16,1,1,86968,6,10,0.148855529
1,8,9,拇指内收,16,1,1,86968,6,11,0.158077700
1,8,9,拇指内收,16,1,1,86968,6,12,0.166582735
1,8,9,拇指内收,16,1,1,86968,6,13,0.174105663
1,8,9,拇指内收,16,1,1,86968,6,14,0.180991760
1,8,9,拇指内收,16,1,1,86968,6,15,0.187332807
1,8,9,拇指内收,16,1,1,86968,6,16,0.193267161
1,8,9,拇指内收,16,1,1,86968,6,17,0.199132326
1,8,9,拇指内收,16,1,1,86968,7,1,0.045823710
1,8,9,拇指内收,16,1,1,86968,7,2,0.063351934
1,8,9,拇指内收,16,1,1,86968,7,3,0.074601118
1,8,9,拇指内收,16,1,1,86968,7,4,0.087692057
1,8,9,拇指内收,16,1,1,86968,7,5,0.099479007
1,8,9,拇指内收,16,1,1,86968,7,6,0.109358674
1,8,9,拇指内收,16,1,1,86968,7,7,0.119515536
1,8,9,拇指内收,16,1,1,86968,7,8,0.133130505
1,8,9,拇指内收,16,1,1,86968,7,9,0.143511932
1,8,9,拇指内收,16,1,1,86968,7,10,0.152437293
1,8,9,拇指内收,16,1,1,86968,7,11,0.162490074
1,8,9,拇指内收,16,1,1,86968,7,12,0.170986824
1,8,9,拇指内收,16,1,1,86968,7,13,0.178392751
1,8,9,拇指内收,16,1,1,86968,7,14,0.185101896
1,8,9,拇指内收,16,1,1,86968,7,15,0.193279990
1,8,9,拇指内收,16,1,1,86968,8,1,0.060675306
1,8,9,拇指内收,16,1,1,86968,8,2,0.081703438
1,8,9,拇指内收,16,1,1,86968,8,3,0.096158774
1,8,9,拇指内收,16,1,1,86968,8,4,0.106496599
1,8,9,拇指内收,16,1,1,86968,8,5,0.116903686
1,8,9,拇指内收,16,1,1,86968,8,6,0.128384555
1,8,9,拇指内收,16,1,1,86968,8,7,0.140012121
1,8,9,拇指内收,16,1,1,86968,8,8,0.152374719
1,8,9,拇指内收,16,1,1,86968,8,9,0.161893660
1,8,9,拇指内收,16,1,1,86968,8,10,0.171244591
1,8,9,拇指内收,16,1,1,86968,8,11,0.180643825
1,8,9,拇指内收,16,1,1,86968,8,12,0.188963124
1,8,9,拇指内收,16,1,1,86968,8,13,0.197466657
1,8,9,拇指内收,16,1,1,86968,9,1,0.052100396
1,8,9,拇指内收,16,1,1,86968,9,2,0.081048731
1,8,9,拇指内收,16,1,1,86968,9,3,0.097394831
1,8,9,拇指内收,16,1,1,86968,9,4,0.108206323
1,8,9,拇指内收,16,1,1,86968,9,5,0.120568976
1,8,9,拇指内收,16,1,1,86968,9,6,0.134238451
1,8,9,拇指内收,16,1,1,86968,9,7,0.144704541
1,8,9,拇指内收,16,1,1,86968,9,8,0.154139633
1,8,9,拇指内收,16,1,1,86968,9,9,0.162761817
1,8,9,拇指内收,16,1,1,86968,9,10,0.174900020
1,8,9,拇指内收,16,1,1,86968,9,11,0.183756995
1,8,9,拇指内收,16,1,1,86968,9,12,0.193090275
1,8,9,拇指内收,16,1,1,86968,10,1,0.055378425
1,8,9,拇指内收,16,1,1,86968,10,2,0.077368051
1,8,9,拇指内收,16,1,1,86968,10,3,0.090954345
1,8,9,拇指内收,16,1,1,86968,10,4,0.105505560
1,8,9,拇指内收,16,1,1,86968,10,5,0.116917949
1,8,9,拇指内收,16,1,1,86968,10,6,0.125979363
1,8,9,拇指内收,16,1,1,86968,10,7,0.134168198
1,8,9,拇指内收,16,1,1,86968,10,8,0.142119047
1,8,9,拇指内收,16,1,1,86968,10,9,0.151092277
1,8,9,拇指内收,16,1,1,86968,10,10,0.158952987
1,8,9,拇指内收,16,1,1,86968,10,11,0.167022559
1,8,9,拇指内收,16,1,1,86968,10,12,0.174689003
1,8,9,拇指内收,16,1,1,86968,10,13,0.183076221
1,8,9,拇指内收,16,1,1,86968,10,14,0.191494504
1,8,9,拇指内收,16,1,1,86968,10,15,0.198994667
1,8,9,拇指内收,16,1,1,86968,11,1,0.062202114
1,8,9,拇指内收,16,1,1,86968,11,2,0.087044421
1,8,9,拇指内收,16,1,1,86968,11,3,0.100220113
1,8,9,拇指内收,16,1,1,86968,11,4,0.112078982
1,8,9,拇指内收,16,1,1,86968,11,5,0.124149256
1,8,9,拇指内收,16,1,1,86968,11,6,0.134868874
1,8,9,拇指内收,16,1,1,86968,11,7,0.144137800
1,8,9,拇指内收,16,1,1,86968,11,8,0.154517098
1,8,9,拇指内收,16,1,1,86968,11,9,0.164199695
1,8,9,拇指内收,16,1,1,86968,11,10,0.173274502
1,8,9,拇指内收,16,1,1,86968,11,11,0.181067927
1,8,9,拇指内收,16,1,1,86968,11,12,0.188418205
1,8,9,拇指内收,16,1,1,86968,11,13,0.195880196
1,8,9,拇指内收,16,1,1,86968,12,1,0.045944312
1,8,9,拇指内收,16,1,1,86968,12,2,0.063654660
1,8,9,拇指内收,16,1,1,86968,12,3,0.078429520
1,8,9,拇指内收,16,1,1,86968,12,4,0.091366867
1,8,9,拇指内收,16,1,1,86968,12,5,0.101998165
1,8,9,拇指内收,16,1,1,86968,12,6,0.112325696
1,8,9,拇指内收,16,1,1,86968,12,7,0.121485442
1,8,9,拇指内收,16,1,1,86968,12,8,0.132361637
1,8,9,拇指内收,16,1,1,86968,12,9,0.142126561
1,8,9,拇指内收,16,1,1,86968,12,10,0.151873173
1,8,9,拇指内收,16,1,1,86968,12,11,0.161124840
1,8,9,拇指内收,16,1,1,86968,12,12,0.169964486
1,8,9,拇指内收,16,1,1,86968,12,13,0.178098893
1,8,9,拇指内收,16,1,1,86968,12,14,0.185273545
1,8,9,拇指内收,16,1,1,86968,12,15,0.192400744
1,8,9,拇指内收,16,1,1,86968,12,16,0.199235184
1,8,9,拇指内收,16,1,1,86968,13,1,0.043917756
1,8,9,拇指内收,16,1,1,86968,13,2,0.060039395
1,8,9,拇指内收,16,1,1,86968,13,3,0.071049249
1,8,9,拇指内收,16,1,1,86968,13,4,0.080423871
1,8,9,拇指内收,16,1,1,86968,13,5,0.088842071
1,8,9,拇指内收,16,1,1,86968,13,6,0.096764417
1,8,9,拇指内收,16,1,1,86968,13,7,0.104407174
1,8,9,拇指内收,16,1,1,86968,13,8,0.111844065
1,8,9,拇指内收,16,1,1,86968,13,9,0.118917770
1,8,9,拇指内收,16,1,1,86968,13,10,0.125554728
1,8,9,拇指内收,16,1,1,86968,13,11,0.131879995
1,8,9,拇指内收,16,1,1,86968,13,12,0.138036264
1,8,9,拇指内收,16,1,1,86968,13,13,0.144149417
1,8,9,拇指内收,16,1,1,86968,13,14,0.150132197
1,8,9,拇指内收,16,1,1,86968,13,15,0.155973122
1,8,9,拇指内收,16,1,1,86968,13,16,0.161697320
1,8,9,拇指内收,16,1,1,86968,13,17,0.167345521
1,8,9,拇指内收,16,1,1,86968,13,18,0.172931552
1,8,9,拇指内收,16,1,1,86968,13,19,0.178392517
1,8,9,拇指内收,16,1,1,86968,13,20,0.183793290
1,8,9,拇指内收,16,1,1,86968,13,21,0.189222194
1,8,9,拇指内收,16,1,1,86968,13,22,0.194631655
1,8,9,拇指内收,16,1,1,86968,13,23,0.199890811
1,8,9,拇指内收,16,1,1,86968,14,1,0.055584304
1,8,9,拇指内收,16,1,1,86968,14,2,0.077046669
1,8,9,拇指内收,16,1,1,86968,14,3,0.095572171
1,8,9,拇指内收,16,1,1,86968,14,4,0.109506280
1,8,9,拇指内收,16,1,1,86968,14,5,0.123169352
1,8,9,拇指内收,16,1,1,86968,14,6,0.135677815
1,8,9,拇指内收,16,1,1,86968,14,7,0.147471627
1,8,9,拇指内收,16,1,1,86968,14,8,0.158642227
1,8,9,拇指内收,16,1,1,86968,14,9,0.169509035
1,8,9,拇指内收,16,1,1,86968,14,10,0.179352854
1,8,9,拇指内收,16,1,1,86968,14,11,0.187645108
1,8,9,拇指内收,16,1,1,86968,14,12,0.195177456
1,8,9,拇指内收,16,1,1,86968,15,1,0.046614917
1,8,9,拇指内收,16,1,1,86968,15,2,0.065400565
1,8,9,拇指内收,16,1,1,86968,15,3,0.083023196
1,8,9,拇指内收,16,1,1,86968,15,4,0.094121517
1,8,9,拇指内收,16,1,1,86968,15,5,0.103856274
1,8,9,拇指内收,16,1,1,86968,15,6,0.120281568
1,8,9,拇指内收,16,1,1,86968,15,7,0.133364088
1,8,9,拇指内收,16,1,1,86968,15,8,0.146961080
1,8,9,拇指内收,16,1,1,86968,15,9,0.160168158
1,8,9,拇指内收,16,1,1,86968,15,10,0.171628005
1,8,9,拇指内收,16,1,1,86968,15,11,0.181141376
1,8,9,拇指内收,16,1,1,86968,15,12,0.189703541
1,8,9,拇指内收,16,1,1,86968,15,13,0.198244984
1,8,9,拇指内收,16,1,1,86968,16,1,0.051065426
1,8,9,拇指内收,16,1,1,86968,16,2,0.070689169
1,8,9,拇指内收,16,1,1,86968,16,3,0.083916902
1,8,9,拇指内收,16,1,1,86968,16,4,0.098678382
1,8,9,拇指内收,16,1,1,86968,16,5,0.109144864
1,8,9,拇指内收,16,1,1,86968,16,6,0.117459612
1,8,9,拇指内收,16,1,1,86968,16,7,0.126269435
1,8,9,拇指内收,16,1,1,86968,16,8,0.135095595
1,8,9,拇指内收,16,1,1,86968,16,9,0.146087984
1,8,9,拇指内收,16,1,1,86968,16,10,0.156585330
1,8,9,拇指内收,16,1,1,86968,16,11,0.164808766
1,8,9,拇指内收,16,1,1,86968,16,12,0.172781743
1,8,9,拇指内收,16,1,1,86968,16,13,0.179925237
1,8,9,拇指内收,16,1,1,86968,16,14,0.187808054
1,8,9,拇指内收,16,1,1,86968,16,15,0.195285469
1,8,9,拇指内收,17,2,6,95731,1,1,0.052297812
1,8,9,拇指内收,17,2,6,95731,1,2,0.095575503
1,8,9,拇指内收,17,2,6,95731,1,3,0.116335457
1,8,9,拇指内收,17,2,6,95731,1,4,0.131028492
1,8,9,拇指内收,17,2,6,95731,1,5,0.140270643
1,8,9,拇指内收,17,2,6,95731,1,6,0.149802848
1,8,9,拇指内收,17,2,6,95731,1,7,0.159714308
1,8,9,拇指内收,17,2,6,95731,1,8,0.168827795
1,8,9,拇指内收,17,2,6,95731,1,9,0.179557455
1,8,9,拇指内收,17,2,6,95731,1,10,0.191775308
1,8,9,拇指内收,17,2,6,95731,2,1,0.056382766
1,8,9,拇指内收,17,2,6,95731,2,2,0.089038594
1,8,9,拇指内收,17,2,6,95731,2,3,0.102355630
1,8,9,拇指内收,17,2,6,95731,2,4,0.113503384
1,8,9,拇指内收,17,2,6,95731,2,5,0.125175564
1,8,9,拇指内收,17,2,6,95731,2,6,0.134726204
1,8,9,拇指内收,17,2,6,95731,2,7,0.143295888
1,8,9,拇指内收,17,2,6,95731,2,8,0.152021730
1,8,9,拇指内收,17,2,6,95731,2,9,0.162625713
1,8,9,拇指内收,17,2,6,95731,2,10,0.173188394
1,8,9,拇指内收,17,2,6,95731,2,11,0.184700991
1,8,9,拇指内收,17,2,6,95731,2,12,0.193655907
1,8,9,拇指内收,17,2,6,95731,3,1,0.053210509
1,8,9,拇指内收,17,2,6,95731,3,2,0.091295698
1,8,9,拇指内收,17,2,6,95731,3,3,0.112842671
1,8,9,拇指内收,17,2,6,95731,3,4,0.128418632
1,8,9,拇指内收,17,2,6,95731,3,5,0.141104677
1,8,9,拇指内收,17,2,6,95731,3,6,0.151522639
1,8,9,拇指内收,17,2,6,95731,3,7,0.160872006
1,8,9,拇指内收,17,2,6,95731,3,8,0.171396189
1,8,9,拇指内收,17,2,6,95731,3,9,0.179473263
1,8,9,拇指内收,17,2,6,95731,3,10,0.187661641
1,8,9,拇指内收,17,2,6,95731,3,11,0.195984152
1,8,9,拇指内收,17,2,6,95731,4,1,0.056815368
1,8,9,拇指内收,17,2,6,95731,4,2,0.087664912
1,8,9,拇指内收,17,2,6,95731,4,3,0.103021447
1,8,9,拇指内收,17,2,6,95731,4,4,0.115963739
1,8,9,拇指内收,17,2,6,95731,4,5,0.127906317
1,8,9,拇指内收,17,2,6,95731,4,6,0.139176315
1,8,9,拇指内收,17,2,6,95731,4,7,0.148894431
1,8,9,拇指内收,17,2,6,95731,4,8,0.158365592
1,8,9,拇指内收,17,2,6,95731,4,9,0.166731825
1,8,9,拇指内收,17,2,6,95731,4,10,0.175757874
1,8,9,拇指内收,17,2,6,95731,4,11,0.185726067
1,8,9,拇指内收,17,2,6,95731,4,12,0.194754265
1,8,9,拇指内收,17,2,6,95731,5,1,0.045033610
1,8,9,拇指内收,17,2,6,95731,5,2,0.061781909
1,8,9,拇指内收,17,2,6,95731,5,3,0.074106152
1,8,9,拇指内收,17,2,6,95731,5,4,0.084668345
1,8,9,拇指内收,17,2,6,95731,5,5,0.093612826
1,8,9,拇指内收,17,2,6,95731,5,6,0.105114327
1,8,9,拇指内收,17,2,6,95731,5,7,0.116888533
1,8,9,拇指内收,17,2,6,95731,5,8,0.126149367
1,8,9,拇指内收,17,2,6,95731,5,9,0.133777998
1,8,9,拇指内收,17,2,6,95731,5,10,0.143197203
1,8,9,拇指内收,17,2,6,95731,5,11,0.152765686
1,8,9,拇指内收,17,2,6,95731,5,12,0.160723177
1,8,9,拇指内收,17,2,6,95731,5,13,0.167741575
1,8,9,拇指内收,17,2,6,95731,5,14,0.174215721
1,8,9,拇指内收,17,2,6,95731,5,15,0.180572634
1,8,9,拇指内收,17,2,6,95731,5,16,0.186812637
1,8,9,拇指内收,17,2,6,95731,5,17,0.192826846
1,8,9,拇指内收,17,2,6,95731,5,18,0.199449992
1,8,9,拇指内收,17,2,6,95731,6,1,0.043793892
1,8,9,拇指内收,17,2,6,95731,6,2,0.060945881
1,8,9,拇指内收,17,2,6,95731,6,3,0.072218080
1,8,9,拇指内收,17,2,6,95731,6,4,0.081779194
1,8,9,拇指内收,17,2,6,95731,6,5,0.092889823
1,8,9,拇指内收,17,2,6,95731,6,6,0.103951999
1,8,9,拇指内收,17,2,6,95731,6,7,0.112585117
1,8,9,拇指内收,17,2,6,95731,6,8,0.120355701
1,8,9,拇指内收,17,2,6,95731,6,9,0.127490676
1,8,9,拇指内收,17,2,6,95731,6,10,0.136370258
1,8,9,拇指内收,17,2,6,95731,6,11,0.145290878
1,8,9,拇指内收,17,2,6,95731,6,12,0.152815408
1,8,9,拇指内收,17,2,6,95731,6,13,0.159548511
1,8,9,拇指内收,17,2,6,95731,6,14,0.167154836
1,8,9,拇指内收,17,2,6,95731,6,15,0.175335326
1,8,9,拇指内收,17,2,6,95731,6,16,0.182436877
1,8,9,拇指内收,17,2,6,95731,6,17,0.188793935
1,8,9,拇指内收,17,2,6,95731,6,18,0.194671246
1,8,9,拇指内收,17,2,6,95731,7,1,0.045709561
1,8,9,拇指内收,17,2,6,95731,7,2,0.064811009
1,8,9,拇指内收,17,2,6,95731,7,3,0.078142204
1,8,9,拇指内收,17,2,6,95731,7,4,0.089453085
1,8,9,拇指内收,17,2,6,95731,7,5,0.103287768
1,8,9,拇指内收,17,2,6,95731,7,6,0.115555208
1,8,9,拇指内收,17,2,6,95731,7,7,0.124516164
1,8,9,拇指内收,17,2,6,95731,7,8,0.133443729
1,8,9,拇指内收,17,2,6,95731,7,9,0.143174822
1,8,9,拇指内收,17,2,6,95731,7,10,0.151174428
1,8,9,拇指内收,17,2,6,95731,7,11,0.158548672
1,8,9,拇指内收,17,2,6,95731,7,12,0.165607800
1,8,9,拇指内收,17,2,6,95731,7,13,0.172233673
1,8,9,拇指内收,17,2,6,95731,7,14,0.180220342
1,8,9,拇指内收,17,2,6,95731,7,15,0.189474703
1,8,9,拇指内收,17,2,6,95731,7,16,0.197266537
1,8,9,拇指内收,17,2,6,95731,8,1,0.053278232
1,8,9,拇指内收,17,2,6,95731,8,2,0.075568766
1,8,9,拇指内收,17,2,6,95731,8,3,0.092259319
1,8,9,拇指内收,17,2,6,95731,8,4,0.106198651
1,8,9,拇指内收,17,2,6,95731,8,5,0.118564884
1,8,9,拇指内收,17,2,6,95731,8,6,0.129000227
1,8,9,拇指内收,17,2,6,95731,8,7,0.139125228
1,8,9,拇指内收,17,2,6,95731,8,8,0.150097359
1,8,9,拇指内收,17,2,6,95731,8,9,0.162638976
1,8,9,拇指内收,17,2,6,95731,8,10,0.172897924
1,8,9,拇指内收,17,2,6,95731,8,11,0.180591827
1,8,9,拇指内收,17,2,6,95731,8,12,0.187670767
1,8,9,拇指内收,17,2,6,95731,8,13,0.195729528
1,8,9,拇指内收,17,2,6,95731,9,1,0.060060606
1,8,9,拇指内收,17,2,6,95731,9,2,0.078829233
1,8,9,拇指内收,17,2,6,95731,9,3,0.093141846
1,8,9,拇指内收,17,2,6,95731,9,4,0.104515927
1,8,9,拇指内收,17,2,6,95731,9,5,0.114220756
1,8,9,拇指内收,17,2,6,95731,9,6,0.126554933
1,8,9,拇指内收,17,2,6,95731,9,7,0.138350942
1,8,9,拇指内收,17,2,6,95731,9,8,0.147920747
1,8,9,拇指内收,17,2,6,95731,9,9,0.155951308
1,8,9,拇指内收,17,2,6,95731,9,10,0.164677968
1,8,9,拇指内收,17,2,6,95731,9,11,0.173786776
1,8,9,拇指内收,17,2,6,95731,9,12,0.181956918
1,8,9,拇指内收,17,2,6,95731,9,13,0.192766576
1,8,9,拇指内收,17,2,6,95731,10,1,0.059977622
1,8,9,拇指内收,17,2,6,95731,10,2,0.089863378
1,8,9,拇指内收,17,2,6,95731,10,3,0.104367789
1,8,9,拇指内收,17,2,6,95731,10,4,0.121825825
1,8,9,拇指内收,17,2,6,95731,10,5,0.137675258
1,8,9,拇指内收,17,2,6,95731,10,6,0.149799063
1,8,9,拇指内收,17,2,6,95731,10,7,0.158862466
1,8,9,拇指内收,17,2,6,95731,10,8,0.166722896
1,8,9,拇指内收,17,2,6,95731,10,9,0.176364307
1,8,9,拇指内收,17,2,6,95731,10,10,0.184475889
1,8,9,拇指内收,17,2,6,95731,10,11,0.191793174
1,8,9,拇指内收,17,2,6,95731,10,12,0.199371202
1,8,9,拇指内收,17,2,6,95731,11,1,0.052225624
1,8,9,拇指内收,17,2,6,95731,11,2,0.072970858
1,8,9,拇指内收,17,2,6,95731,11,3,0.086799086
1,8,9,拇指内收,17,2,6,95731,11,4,0.101106188
1,8,9,拇指内收,17,2,6,95731,11,5,0.116209796
1,8,9,拇指内收,17,2,6,95731,11,6,0.130302350
1,8,9,拇指内收,17,2,6,95731,11,7,0.139568371
1,8,9,拇指内收,17,2,6,95731,11,8,0.148121722
1,8,9,拇指内收,17,2,6,95731,11,9,0.157398518
1,8,9,拇指内收,17,2,6,95731,11,10,0.165719646
1,8,9,拇指内收,17,2,6,95731,11,11,0.172736953
1,8,9,拇指内收,17,2,6,95731,11,12,0.179400189
1,8,9,拇指内收,17,2,6,95731,11,13,0.188503724
1,8,9,拇指内收,17,2,6,95731,11,14,0.198311013
1,8,9,拇指内收,17,2,6,95731,12,1,0.043533533
1,8,9,拇指内收,17,2,6,95731,12,2,0.067517253
1,8,9,拇指内收,17,2,6,95731,12,3,0.081181193
1,8,9,拇指内收,17,2,6,95731,12,4,0.092996425
1,8,9,拇指内收,17,2,6,95731,12,5,0.102816575
1,8,9,拇指内收,17,2,6,95731,12,6,0.111211302
1,8,9,拇指内收,17,2,6,95731,12,7,0.119410804
1,8,9,拇指内收,17,2,6,95731,12,8,0.127364772
1,8,9,拇指内收,17,2,6,95731,12,9,0.134396665
1,8,9,拇指内收,17,2,6,95731,12,10,0.141534761
1,8,9,拇指内收,17,2,6,95731,12,11,0.148523883
1,8,9,拇指内收,17,2,6,95731,12,12,0.155465782
1,8,9,拇指内收,17,2,6,95731,12,13,0.162182077
1,8,9,拇指内收,17,2,6,95731,12,14,0.168458263
1,8,9,拇指内收,17,2,6,95731,12,15,0.174428308
1,8,9,拇指内收,17,2,6,95731,12,16,0.180374958
1,8,9,拇指内收,17,2,6,95731,12,17,0.186334531
1,8,9,拇指内收,17,2,6,95731,12,18,0.192551860
1,8,9,拇指内收,17,2,6,95731,12,19,0.198676290
1,8,9,拇指内收,17,2,6,95731,13,1,0.045914697
1,8,9,拇指内收,17,2,6,95731,13,2,0.071663612
1,8,9,拇指内收,17,2,6,95731,13,3,0.083220324
1,8,9,拇指内收,17,2,6,95731,13,4,0.092799304
1,8,9,拇指内收,17,2,6,95731,13,5,0.101282464
1,8,9,拇指内收,17,2,6,95731,13,6,0.109093291
1,8,9,拇指内收,17,2,6,95731,13,7,0.116301236
1,8,9,拇指内收,17,2,6,95731,13,8,0.123181696
1,8,9,拇指内收,17,2,6,95731,13,9,0.129832190
1,8,9,拇指内收,17,2,6,95731,13,10,0.136343124
1,8,9,拇指内收,17,2,6,95731,13,11,0.142824873
1,8,9,拇指内收,17,2,6,95731,13,12,0.149301953
1,8,9,拇指内收,17,2,6,95731,13,13,0.155548373
1,8,9,拇指内收,17,2,6,95731,13,14,0.161546921
1,8,9,拇指内收,17,2,6,95731,13,15,0.167269407
1,8,9,拇指内收,17,2,6,95731,13,16,0.172899071
1,8,9,拇指内收,17,2,6,95731,13,17,0.178492607
1,8,9,拇指内收,17,2,6,95731,13,18,0.183966463
1,8,9,拇指内收,17,2,6,95731,13,19,0.189327569
1,8,9,拇指内收,17,2,6,95731,13,20,0.194574510
1,8,9,拇指内收,17,2,6,95731,13,21,0.199745668
1,8,9,拇指内收,17,2,6,95731,14,1,0.045096798
1,8,9,拇指内收,17,2,6,95731,14,2,0.064580712
1,8,9,拇指内收,17,2,6,95731,14,3,0.080330529
1,8,9,拇指内收,17,2,6,95731,14,4,0.091062031
1,8,9,拇指内收,17,2,6,95731,14,5,0.100320313
1,8,9,拇指内收,17,2,6,95731,14,6,0.109202429
1,8,9,拇指内收,17,2,6,95731,14,7,0.118315257
1,8,9,拇指内收,17,2,6,95731,14,8,0.127458797
1,8,9,拇指内收,17,2,6,95731,14,9,0.137215081
1,8,9,拇指内收,17,2,6,95731,14,10,0.148272886
1,8,9,拇指内收,17,2,6,95731,14,11,0.157204624
1,8,9,拇指内收,17,2,6,95731,14,12,0.166178052
1,8,9,拇指内收,17,2,6,95731,14,13,0.174768482
1,8,9,拇指内收,17,2,6,95731,14,14,0.182339791
1,8,9,拇指内收,17,2,6,95731,14,15,0.189465798
1,8,9,拇指内收,17,2,6,95731,14,16,0.197610570
1,8,9,拇指内收,17,2,6,95731,15,1,0.045715770
1,8,9,拇指内收,17,2,6,95731,15,2,0.065651322
1,8,9,拇指内收,17,2,6,95731,15,3,0.084806029
1,8,9,拇指内收,17,2,6,95731,15,4,0.097145850
1,8,9,拇指内收,17,2,6,95731,15,5,0.106881395
1,8,9,拇指内收,17,2,6,95731,15,6,0.119612788
1,8,9,拇指内收,17,2,6,95731,15,7,0.129084724
1,8,9,拇指内收,17,2,6,95731,15,8,0.137188942
1,8,9,拇指内收,17,2,6,95731,15,9,0.148146707
1,8,9,拇指内收,17,2,6,95731,15,10,0.160070486
1,8,9,拇指内收,17,2,6,95731,15,11,0.169008884
1,8,9,拇指内收,17,2,6,95731,15,12,0.178824709
1,8,9,拇指内收,17,2,6,95731,15,13,0.187395740
1,8,9,拇指内收,17,2,6,95731,15,14,0.194471998
1,8,9,拇指内收,17,2,6,95731,16,1,0.044636674
1,8,9,拇指内收,17,2,6,95731,16,2,0.062677868
1,8,9,拇指内收,17,2,6,95731,16,3,0.080140097
1,8,9,拇指内收,17,2,6,95731,16,4,0.093362626
1,8,9,拇指内收,17,2,6,95731,16,5,0.104454183
1,8,9,拇指内收,17,2,6,95731,16,6,0.114868906
1,8,9,拇指内收,17,2,6,95731,16,7,0.123437026
1,8,9,拇指内收,17,2,6,95731,16,8,0.131560257
1,8,9,拇指内收,17,2,6,95731,16,9,0.141274489
1,8,9,拇指内收,17,2,6,95731,16,10,0.149786504
1,8,9,拇指内收,17,2,6,95731,16,11,0.157200608
1,8,9,拇指内收,17,2,6,95731,16,12,0.164306756
1,8,9,拇指内收,17,2,6,95731,16,13,0.171082826
1,8,9,拇指内收,17,2,6,95731,16,14,0.177676475
1,8,9,拇指内收,17,2,6,95731,16,15,0.184035998
1,8,9,拇指内收,17,2,6,95731,16,16,0.190158902
1,8,9,拇指内收,17,2,6,95731,16,17,0.196468376
1,9,10,拇指外展,18,1,3,101960,1,1,0.056407053
1,9,10,拇指外展,18,1,3,101960,1,2,0.082020076
1,9,10,拇指外展,18,1,3,101960,1,3,0.105320262
1,9,10,拇指外展,18,1,3,101960,1,4,0.117596085
1,9,10,拇指外展,18,1,3,101960,1,5,0.130295627
1,9,10,拇指外展,18,1,3,101960,1,6,0.141923775
1,9,10,拇指外展,18,1,3,101960,1,7,0.156166669
1,9,10,拇指外展,18,1,3,101960,1,8,0.172975963
1,9,10,拇指外展,18,1,3,101960,1,9,0.184708776
1,9,10,拇指外展,18,1,3,101960,1,10,0.193552995
1,9,10,拇指外展,18,1,3,101960,2,1,0.052170236
1,9,10,拇指外展,18,1,3,101960,2,2,0.081991108
1,9,10,拇指外展,18,1,3,101960,2,3,0.094337351
1,9,10,拇指外展,18,1,3,101960,2,4,0.107466528
1,9,10,拇指外展,18,1,3,101960,2,5,0.117455173
1,9,10,拇指外展,18,1,3,101960,2,6,0.127166335
1,9,10,拇指外展,18,1,3,101960,2,7,0.136170494
1,9,10,拇指外展,18,1,3,101960,2,8,0.146105538
1,9,10,拇指外展,18,1,3,101960,2,9,0.154783434
1,9,10,拇指外展,18,1,3,101960,2,10,0.162316791
1,9,10,拇指外展,18,1,3,101960,2,11,0.169734480
1,9,10,拇指外展,18,1,3,101960,2,12,0.177932121
1,9,10,拇指外展,18,1,3,101960,2,13,0.185204436
1,9,10,拇指外展,18,1,3,101960,2,14,0.191608870
1,9,10,拇指外展,18,1,3,101960,2,15,0.197668447
1,9,10,拇指外展,18,1,3,101960,3,1,0.097295804
1,9,10,拇指外展,18,1,3,101960,3,2,0.126422645
1,9,10,拇指外展,18,1,3,101960,3,3,0.149784555
1,9,10,拇指外展,18,1,3,101960,3,4,0.160804677
1,9,10,拇指外展,18,1,3,101960,3,5,0.174903541
1,9,10,拇指外展,18,1,3,101960,3,6,0.195813789
1,9,10,拇指外展,18,1,3,101960,4,1,0.061094546
1,9,10,拇指外展,18,1,3,101960,4,2,0.083209381
1,9,10,拇指外展,18,1,3,101960,4,3,0.113596393
1,9,10,拇指外展,18,1,3,101960,4,4,0.124708084
1,9,10,拇指外展,18,1,3,101960,4,5,0.135327656
1,9,10,拇指外展,18,1,3,101960,4,6,0.146417329
1,9,10,拇指外展,18,1,3,101960,4,7,0.157967720
1,9,10,拇指外展,18,1,3,101960,4,8,0.169369298
1,9,10,拇指外展,18,1,3,101960,4,9,0.178169330
1,9,10,拇指外展,18,1,3,101960,4,10,0.186679260
1,9,10,拇指外展,18,1,3,101960,4,11,0.195143782
1,9,10,拇指外展,18,1,3,101960,5,1,0.045852960
1,9,10,拇指外展,18,1,3,101960,5,2,0.062608398
1,9,10,拇指外展,18,1,3,101960,5,3,0.074875397
1,9,10,拇指外展,18,1,3,101960,5,4,0.085633848
1,9,10,拇指外展,18,1,3,101960,5,5,0.094513189
1,9,10,拇指外展,18,1,3,101960,5,6,0.102695253
1,9,10,拇指外展,18,1,3,101960,5,7,0.110677534
1,9,10,拇指外展,18,1,3,101960,5,8,0.118976904
1,9,10,拇指外展,18,1,3,101960,5,9,0.129720866
1,9,10,拇指外展,18,1,3,101960,5,10,0.138082353
1,9,10,拇指外展,18,1,3,101960,5,11,0.145143763
1,9,10,拇指外展,18,1,3,101960,5,12,0.151834325
1,9,10,拇指外展,18,1,3,101960,5,13,0.158502539
1,9,10,拇指外展,18,1,3,101960,5,14,0.164980798
1,9,10,拇指外展,18,1,3,101960,5,15,0.171777708
1,9,10,拇指外展,18,1,3,101960,5,16,0.180349082
1,9,10,拇指外展,18,1,3,101960,5,17,0.188035344
1,9,10,拇指外展,18,1,3,101960,5,18,0.194759550
1,9,10,拇指外展,18,1,3,101960,6,1,0.045902717
1,9,10,拇指外展,18,1,3,101960,6,2,0.062573050
1,9,10,拇指外展,18,1,3,101960,6,3,0.079543843
1,9,10,拇指外展,18,1,3,101960,6,4,0.091000271
1,9,10,拇指外展,18,1,3,101960,6,5,0.100163351
1,9,10,拇指外展,18,1,3,101960,6,6,0.108486201
1,9,10,拇指外展,18,1,3,101960,6,7,0.116183320
1,9,10,拇指外展,18,1,3,101960,6,8,0.123368985
1,9,10,拇指外展,18,1,3,101960,6,9,0.130366365
1,9,10,拇指外展,18,1,3,101960,6,10,0.137135531
1,9,10,拇指外展,18,1,3,101960,6,11,0.143764288
1,9,10,拇指外展,18,1,3,101960,6,12,0.152260057
1,9,10,拇指外展,18,1,3,101960,6,13,0.160274147
1,9,10,拇指外展,18,1,3,101960,6,14,0.167244716
1,9,10,拇指外展,18,1,3,101960,6,15,0.173486377
1,9,10,拇指外展,18,1,3,101960,6,16,0.179353406
1,9,10,拇指外展,18,1,3,101960,6,17,0.185311818
1,9,10,拇指外展,18,1,3,101960,6,18,0.192998676
1,9,10,拇指外展,18,1,3,101960,7,1,0.046104444
1,9,10,拇指外展,18,1,3,101960,7,2,0.063686635
1,9,10,拇指外展,18,1,3,101960,7,3,0.079079979
1,9,10,拇指外展,18,1,3,101960,7,4,0.091395100
1,9,10,拇指外展,18,1,3,101960,7,5,0.100519743
1,9,10,拇指外展,18,1,3,101960,7,6,0.108738256
1,9,10,拇指外展,18,1,3,101960,7,7,0.116649069
1,9,10,拇指外展,18,1,3,101960,7,8,0.125066810
1,9,10,拇指外展,18,1,3,101960,7,9,0.134445390
1,9,10,拇指外展,18,1,3,101960,7,10,0.142814342
1,9,10,拇指外展,18,1,3,101960,7,11,0.150287771
1,9,10,拇指外展,18,1,3,101960,7,12,0.157687016
1,9,10,拇指外展,18,1,3,101960,7,13,0.167242912
1,9,10,拇指外展,18,1,3,101960,7,14,0.175712708
1,9,10,拇指外展,18,1,3,101960,7,15,0.182553921
1,9,10,拇指外展,18,1,3,101960,7,16,0.190390382
1,9,10,拇指外展,18,1,3,101960,7,17,0.198323427
1,9,10,拇指外展,18,1,3,101960,8,1,0.066207873
1,9,10,拇指外展,18,1,3,101960,8,2,0.087285949
1,9,10,拇指外展,18,1,3,101960,8,3,0.103418055
1,9,10,拇指外展,18,1,3,101960,8,4,0.120532350
1,9,10,拇指外展,18,1,3,101960,8,5,0.146161005
1,9,10,拇指外展,18,1,3,101960,8,6,0.175322945
1,9,10,拇指外展,18,1,3,101960,9,1,0.055389943
1,9,10,拇指外展,18,1,3,101960,9,2,0.072593340
1,9,10,拇指外展,18,1,3,101960,9,3,0.086306345
1,9,10,拇指外展,18,1,3,101960,9,4,0.098471489
1,9,10,拇指外展,18,1,3,101960,9,5,0.109952242
1,9,10,拇指外展,18,1,3,101960,9,6,0.121768287
1,9,10,拇指外展,18,1,3,101960,9,7,0.131608888
1,9,10,拇指外展,18,1,3,101960,9,8,0.142208028
1,9,10,拇指外展,18,1,3,101960,9,9,0.151420873
1,9,10,拇指外展,18,1,3,101960,9,10,0.161366676
1,9,10,拇指外展,18,1,3,101960,9,11,0.169084125
1,9,10,拇指外展,18,1,3,101960,9,12,0.178288467
1,9,10,拇指外展,18,1,3,101960,9,13,0.188294525
1,9,10,拇指外展,18,1,3,101960,9,14,0.196176635
1,9,10,拇指外展,18,1,3,101960,10,1,0.050827573
1,9,10,拇指外展,18,1,3,101960,10,2,0.078717159
1,9,10,拇指外展,18,1,3,101960,10,3,0.100181416
1,9,10,拇指外展,18,1,3,101960,10,4,0.124763293
1,9,10,拇指外展,18,1,3,101960,10,5,0.144196996
1,9,10,拇指外展,18,1,3,101960,10,6,0.155597165
1,9,10,拇指外展,18,1,3,101960,10,7,0.165613675
1,9,10,拇指外展,18,1,3,101960,10,8,0.174191239
1,9,10,拇指外展,18,1,3,101960,10,9,0.181528516
1,9,10,拇指外展,18,1,3,101960,10,10,0.190213811
1,9,10,拇指外展,18,1,3,101960,10,11,0.199573729
1,9,10,拇指外展,18,1,3,101960,11,1,0.184791793
1,9,10,拇指外展,18,1,3,101960,12,1,0.052939685
1,9,10,拇指外展,18,1,3,101960,12,2,0.092858499
1,9,10,拇指外展,18,1,3,101960,12,3,0.106738832
1,9,10,拇指外展,18,1,3,101960,12,4,0.120875059
1,9,10,拇指外展,18,1,3,101960,12,5,0.131670484
1,9,10,拇指外展,18,1,3,101960,12,6,0.140147746
1,9,10,拇指外展,18,1,3,101960,12,7,0.147724050
1,9,10,拇指外展,18,1,3,101960,12,8,0.158939164
1,9,10,拇指外展,18,1,3,101960,12,9,0.171228916
1,9,10,拇指外展,18,1,3,101960,12,10,0.182618686
1,9,10,拇指外展,18,1,3,101960,12,11,0.193594749
1,9,10,拇指外展,18,1,3,101960,13,1,0.043165248
1,9,10,拇指外展,18,1,3,101960,13,2,0.061044817
1,9,10,拇指外展,18,1,3,101960,13,3,0.073046394
1,9,10,拇指外展,18,1,3,101960,13,4,0.082950386
1,9,10,拇指外展,18,1,3,101960,13,5,0.091853611
1,9,10,拇指外展,18,1,3,101960,13,6,0.103411923
1,9,10,拇指外展,18,1,3,101960,13,7,0.113315212
1,9,10,拇指外展,18,1,3,101960,13,8,0.121379627
1,9,10,拇指外展,18,1,3,101960,13,9,0.128739008
1,9,10,拇指外展,18,1,3,101960,13,10,0.135849630
1,9,10,拇指外展,18,1,3,101960,13,11,0.142611596
1,9,10,拇指外展,18,1,3,101960,13,12,0.149080202
1,9,10,拇指外展,18,1,3,101960,13,13,0.157242857
1,9,10,拇指外展,18,1,3,101960,13,14,0.166221833
1,9,10,拇指外展,18,1,3,101960,13,15,0.173132234
1,9,10,拇指外展,18,1,3,101960,13,16,0.180683690
1,9,10,拇指外展,18,1,3,101960,13,17,0.189122351
1,9,10,拇指外展,18,1,3,101960,13,18,0.196259574
1,9,10,拇指外展,18,1,3,101960,14,1,0.042729813
1,9,10,拇指外展,18,1,3,101960,14,2,0.060175004
1,9,10,拇指外展,18,1,3,101960,14,3,0.071865448
1,9,10,拇指外展,18,1,3,101960,14,4,0.081703865
1,9,10,拇指外展,18,1,3,101960,14,5,0.090333229
1,9,10,拇指外展,18,1,3,101960,14,6,0.100202446
1,9,10,拇指外展,18,1,3,101960,14,7,0.111340183
1,9,10,拇指外展,18,1,3,101960,14,8,0.120132380
1,9,10,拇指外展,18,1,3,101960,14,9,0.128069339
1,9,10,拇指外展,18,1,3,101960,14,10,0.135612310
1,9,10,拇指外展,18,1,3,101960,14,11,0.142694500
1,9,10,拇指外展,18,1,3,101960,14,12,0.149329581
1,9,10,拇指外展,18,1,3,101960,14,13,0.155676072
1,9,10,拇指外展,18,1,3,101960,14,14,0.161985512
1,9,10,拇指外展,18,1,3,101960,14,15,0.168209484
1,9,10,拇指外展,18,1,3,101960,14,16,0.176073805
1,9,10,拇指外展,18,1,3,101960,14,17,0.183751014
1,9,10,拇指外展,18,1,3,101960,14,18,0.190473136
1,9,10,拇指外展,18,1,3,101960,14,19,0.196590438
1,9,10,拇指外展,18,1,3,101960,15,1,0.057276661
1,9,10,拇指外展,18,1,3,101960,15,2,0.080916736
1,9,10,拇指外展,18,1,3,101960,15,3,0.095547551
1,9,10,拇指外展,18,1,3,101960,15,4,0.116296242
1,9,10,拇指外展,18,1,3,101960,15,5,0.131978299
1,9,10,拇指外展,18,1,3,101960,15,6,0.141981048
1,9,10,拇指外展,18,1,3,101960,15,7,0.150623202
1,9,10,拇指外展,18,1,3,101960,15,8,0.159275398
1,9,10,拇指外展,18,1,3,101960,15,9,0.169371422
1,9,10,拇指外展,18,1,3,101960,15,10,0.178801161
1,9,10,拇指外展,18,1,3,101960,15,11,0.186616812
1,9,10,拇指外展,18,1,3,101960,15,12,0.194971171
1,9,10,拇指外展,18,1,3,101960,16,1,0.054407953
1,9,10,拇指外展,18,1,3,101960,16,2,0.077561114
1,9,10,拇指外展,18,1,3,101960,16,3,0.091385955
1,9,10,拇指外展,18,1,3,101960,16,4,0.103155968
1,9,10,拇指外展,18,1,3,101960,16,5,0.126823981
1,9,10,拇指外展,18,1,3,101960,16,6,0.138392019
1,9,10,拇指外展,18,1,3,101960,16,7,0.147136397
1,9,10,拇指外展,18,1,3,101960,16,8,0.155666567
1,9,10,拇指外展,18,1,3,101960,16,9,0.165772876
1,9,10,拇指外展,18,1,3,101960,16,10,0.178077734
1,9,10,拇指外展,18,1,3,101960,16,11,0.189333174
1,9,10,拇指外展,18,1,3,101960,16,12,0.198216656
1,9,10,拇指外展,19,2,4,104018,1,1,0.062528276
1,9,10,拇指外展,19,2,4,104018,1,2,0.092619405
1,9,10,拇指外展,19,2,4,104018,1,3,0.118790834
1,9,10,拇指外展,19,2,4,104018,1,4,0.137772602
1,9,10,拇指外展,19,2,4,104018,1,5,0.149147267
1,9,10,拇指外展,19,2,4,104018,1,6,0.159441985
1,9,10,拇指外展,19,2,4,104018,1,7,0.174802796
1,9,10,拇指外展,19,2,4,104018,1,8,0.185935684
1,9,10,拇指外展,19,2,4,104018,1,9,0.195604088
1,9,10,拇指外展,19,2,4,104018,2,1,0.050681100
1,9,10,拇指外展,19,2,4,104018,2,2,0.085782425
1,9,10,拇指外展,19,2,4,104018,2,3,0.101316025
1,9,10,拇指外展,19,2,4,104018,2,4,0.115806680
1,9,10,拇指外展,19,2,4,104018,2,5,0.126375852
1,9,10,拇指外展,19,2,4,104018,2,6,0.135768479
1,9,10,拇指外展,19,2,4,104018,2,7,0.145752069
1,9,10,拇指外展,19,2,4,104018,2,8,0.154960835
1,9,10,拇指外展,19,2,4,104018,2,9,0.162902036
1,9,10,拇指外展,19,2,4,104018,2,10,0.171942990
1,9,10,拇指外展,19,2,4,104018,2,11,0.180563041
1,9,10,拇指外展,19,2,4,104018,2,12,0.187581370
1,9,10,拇指外展,19,2,4,104018,2,13,0.195556390
1,9,10,拇指外展,19,2,4,104018,3,1,0.069724467
1,9,10,拇指外展,19,2,4,104018,3,2,0.095516610
1,9,10,拇指外展,19,2,4,104018,3,3,0.118794553
1,9,10,拇指外展,19,2,4,104018,3,4,0.135893361
1,9,10,拇指外展,19,2,4,104018,3,5,0.149795979
1,9,10,拇指外展,19,2,4,104018,3,6,0.168942894
1,9,10,拇指外展,19,2,4,104018,3,7,0.185664291
1,9,10,拇指外展,19,2,4,104018,3,8,0.198004488
1,9,10,拇指外展,19,2,4,104018,4,1,0.055122155
1,9,10,拇指外展,19,2,4,104018,4,2,0.084120805
1,9,10,拇指外展,19,2,4,104018,4,3,0.114765462
1,9,10,拇指外展,19,2,4,104018,4,4,0.129904549
1,9,10,拇指外展,19,2,4,104018,4,5,0.144070599
1,9,10,拇指外展,19,2,4,104018,4,6,0.156726871
1,9,10,拇指外展,19,2,4,104018,4,7,0.169841432
1,9,10,拇指外展,19,2,4,104018,4,8,0.181536647
1,9,10,拇指外展,19,2,4,104018,4,9,0.193544864
1,9,10,拇指外展,19,2,4,104018,5,1,0.045159101
1,9,10,拇指外展,19,2,4,104018,5,2,0.075646464
1,9,10,拇指外展,19,2,4,104018,5,3,0.087608207
1,9,10,拇指外展,19,2,4,104018,5,4,0.097761366
1,9,10,拇指外展,19,2,4,104018,5,5,0.107257657
1,9,10,拇指外展,19,2,4,104018,5,6,0.115663489
1,9,10,拇指外展,19,2,4,104018,5,7,0.123704451
1,9,10,拇指外展,19,2,4,104018,5,8,0.131743235
1,9,10,拇指外展,19,2,4,104018,5,9,0.140342978
1,9,10,拇指外展,19,2,4,104018,5,10,0.149905962
1,9,10,拇指外展,19,2,4,104018,5,11,0.157813760
1,9,10,拇指外展,19,2,4,104018,5,12,0.164914025
1,9,10,拇指外展,19,2,4,104018,5,13,0.171605023
1,9,10,拇指外展,19,2,4,104018,5,14,0.178016539
1,9,10,拇指外展,19,2,4,104018,5,15,0.185552804
1,9,10,拇指外展,19,2,4,104018,5,16,0.194585557
1,9,10,拇指外展,19,2,4,104018,6,1,0.043398861
1,9,10,拇指外展,19,2,4,104018,6,2,0.060262854
1,9,10,拇指外展,19,2,4,104018,6,3,0.071339454
1,9,10,拇指外展,19,2,4,104018,6,4,0.080741636
1,9,10,拇指外展,19,2,4,104018,6,5,0.089517749
1,9,10,拇指外展,19,2,4,104018,6,6,0.097663406
1,9,10,拇指外展,19,2,4,104018,6,7,0.105769603
1,9,10,拇指外展,19,2,4,104018,6,8,0.113204321
1,9,10,拇指外展,19,2,4,104018,6,9,0.120155829
1,9,10,拇指外展,19,2,4,104018,6,10,0.126919457
1,9,10,拇指外展,19,2,4,104018,6,11,0.133686614
1,9,10,拇指外展,19,2,4,104018,6,12,0.140032100
1,9,10,拇指外展,19,2,4,104018,6,13,0.146465387
1,9,10,拇指外展,19,2,4,104018,6,14,0.154810759
1,9,10,拇指外展,19,2,4,104018,6,15,0.162508391
1,9,10,拇指外展,19,2,4,104018,6,16,0.169064931
1,9,10,拇指外展,19,2,4,104018,6,17,0.175077876
1,9,10,拇指外展,19,2,4,104018,6,18,0.180764808
1,9,10,拇指外展,19,2,4,104018,6,19,0.186323149
1,9,10,拇指外展,19,2,4,104018,6,20,0.191851988
1,9,10,拇指外展,19,2,4,104018,6,21,0.197275777
1,9,10,拇指外展,19,2,4,104018,7,1,0.045995702
1,9,10,拇指外展,19,2,4,104018,7,2,0.070961856
1,9,10,拇指外展,19,2,4,104018,7,3,0.082929061
1,9,10,拇指外展,19,2,4,104018,7,4,0.093884536
1,9,10,拇指外展,19,2,4,104018,7,5,0.107617314
1,9,10,拇指外展,19,2,4,104018,7,6,0.118186629
1,9,10,拇指外展,19,2,4,104018,7,7,0.127077823
1,9,10,拇指外展,19,2,4,104018,7,8,0.135400792
1,9,10,拇指外展,19,2,4,104018,7,9,0.142871907
1,9,10,拇指外展,19,2,4,104018,7,10,0.149914954
1,9,10,拇指外展,19,2,4,104018,7,11,0.156704336
1,9,10,拇指外展,19,2,4,104018,7,12,0.163160636
1,9,10,拇指外展,19,2,4,104018,7,13,0.170964868
1,9,10,拇指外展,19,2,4,104018,7,14,0.179603656
1,9,10,拇指外展,19,2,4,104018,7,15,0.187341637
1,9,10,拇指外展,19,2,4,104018,7,16,0.196264558
1,9,10,拇指外展,19,2,4,104018,8,1,0.055691642
1,9,10,拇指外展,19,2,4,104018,8,2,0.089203412
1,9,10,拇指外展,19,2,4,104018,8,3,0.129009920
1,9,10,拇指外展,19,2,4,104018,8,4,0.154028398
1,9,10,拇指外展,19,2,4,104018,8,5,0.168601063
1,9,10,拇指外展,19,2,4,104018,8,6,0.182382155
1,9,10,拇指外展,19,2,4,104018,8,7,0.195149255
1,9,10,拇指外展,19,2,4,104018,9,1,0.057476949
1,9,10,拇指外展,19,2,4,104018,9,2,0.078772096
1,9,10,拇指外展,19,2,4,104018,9,3,0.097466367
1,9,10,拇指外展,19,2,4,104018,9,4,0.116954549
1,9,10,拇指外展,19,2,4,104018,9,5,0.127252156
1,9,10,拇指外展,19,2,4,104018,9,6,0.136691444
1,9,10,拇指外展,19,2,4,104018,9,7,0.145183018
1,9,10,拇指外展,19,2,4,104018,9,8,0.154806203
1,9,10,拇指外展,19,2,4,104018,9,9,0.164731304
1,9,10,拇指外展,19,2,4,104018,9,10,0.173430459
1,9,10,拇指外展,19,2,4,104018,9,11,0.182716213
1,9,10,拇指外展,19,2,4,104018,9,12,0.190542946
1,9,10,拇指外展,19,2,4,104018,9,13,0.197835100
1,9,10,拇指外展,19,2,4,104018,10,1,0.052002342
1,9,10,拇指外展,19,2,4,104018,10,2,0.073362181
1,9,10,拇指外展,19,2,4,104018,10,3,0.086756940
1,9,10,拇指外展,19,2,4,104018,10,4,0.097064926
1,9,10,拇指外展,19,2,4,104018,10,5,0.107715123
1,9,10,拇指外展,19,2,4,104018,10,6,0.118134398
1,9,10,拇指外展,19,2,4,104018,10,7,0.131123190
1,9,10,拇指外展,19,2,4,104018,10,8,0.142031796
1,9,10,拇指外展,19,2,4,104018,10,9,0.150354236
1,9,10,拇指外展,19,2,4,104018,10,10,0.158394897
1,9,10,拇指外展,19,2,4,104018,10,11,0.168792511
1,9,10,拇指外展,19,2,4,104018,10,12,0.179629288
1,9,10,拇指外展,19,2,4,104018,10,13,0.188278406
1,9,10,拇指外展,19,2,4,104018,10,14,0.198919076
1,9,10,拇指外展,19,2,4,104018,11,1,0.124890449
1,9,10,拇指外展,19,2,4,104018,11,2,0.184345007
1,9,10,拇指外展,19,2,4,104018,12,1,0.081018731
1,9,10,拇指外展,19,2,4,104018,12,2,0.119696151
1,9,10,拇指外展,19,2,4,104018,12,3,0.134606545
1,9,10,拇指外展,19,2,4,104018,12,4,0.148113813
1,9,10,拇指外展,19,2,4,104018,12,5,0.159243580
1,9,10,拇指外展,19,2,4,104018,12,6,0.172824918
1,9,10,拇指外展,19,2,4,104018,12,7,0.184052786
1,9,10,拇指外展,19,2,4,104018,12,8,0.194430828
1,9,10,拇指外展,19,2,4,104018,13,1,0.043382396
1,9,10,拇指外展,19,2,4,104018,13,2,0.060543157
1,9,10,拇指外展,19,2,4,104018,13,3,0.072143144
1,9,10,拇指外展,19,2,4,104018,13,4,0.083162942
1,9,10,拇指外展,19,2,4,104018,13,5,0.095825462
1,9,10,拇指外展,19,2,4,104018,13,6,0.106978778
1,9,10,拇指外展,19,2,4,104018,13,7,0.118702676
1,9,10,拇指外展,19,2,4,104018,13,8,0.127381774
1,9,10,拇指外展,19,2,4,104018,13,9,0.135493477
1,9,10,拇指外展,19,2,4,104018,13,10,0.142581290
1,9,10,拇指外展,19,2,4,104018,13,11,0.149313062
1,9,10,拇指外展,19,2,4,104018,13,12,0.155763466
1,9,10,拇指外展,19,2,4,104018,13,13,0.162046741
1,9,10,拇指外展,19,2,4,104018,13,14,0.168114475
1,9,10,拇指外展,19,2,4,104018,13,15,0.174007693
1,9,10,拇指外展,19,2,4,104018,13,16,0.179760887
1,9,10,拇指外展,19,2,4,104018,13,17,0.186412366
1,9,10,拇指外展,19,2,4,104018,13,18,0.193738552
1,9,10,拇指外展,19,2,4,104018,14,1,0.042390234
1,9,10,拇指外展,19,2,4,104018,14,2,0.060633645
1,9,10,拇指外展,19,2,4,104018,14,3,0.076128317
1,9,10,拇指外展,19,2,4,104018,14,4,0.089154078
1,9,10,拇指外展,19,2,4,104018,14,5,0.099484630
1,9,10,拇指外展,19,2,4,104018,14,6,0.111462450
1,9,10,拇指外展,19,2,4,104018,14,7,0.120762638
1,9,10,拇指外展,19,2,4,104018,14,8,0.129247724
1,9,10,拇指外展,19,2,4,104018,14,9,0.137670829
1,9,10,拇指外展,19,2,4,104018,14,10,0.145040607
1,9,10,拇指外展,19,2,4,104018,14,11,0.151866598
1,9,10,拇指外展,19,2,4,104018,14,12,0.158284994
1,9,10,拇指外展,19,2,4,104018,14,13,0.164470672
1,9,10,拇指外展,19,2,4,104018,14,14,0.170548446
1,9,10,拇指外展,19,2,4,104018,14,15,0.176637540
1,9,10,拇指外展,19,2,4,104018,14,16,0.182551289
1,9,10,拇指外展,19,2,4,104018,14,17,0.189528100
1,9,10,拇指外展,19,2,4,104018,14,18,0.196862609
1,9,10,拇指外展,19,2,4,104018,15,1,0.050273162
1,9,10,拇指外展,19,2,4,104018,15,2,0.098068268
1,9,10,拇指外展,19,2,4,104018,15,3,0.111906326
1,9,10,拇指外展,19,2,4,104018,15,4,0.130666758
1,9,10,拇指外展,19,2,4,104018,15,5,0.146068246
1,9,10,拇指外展,19,2,4,104018,15,6,0.157884359
1,9,10,拇指外展,19,2,4,104018,15,7,0.168984027
1,9,10,拇指外展,19,2,4,104018,15,8,0.179577703
1,9,10,拇指外展,19,2,4,104018,15,9,0.189167021
1,9,10,拇指外展,19,2,4,104018,15,10,0.198931151
1,9,10,拇指外展,19,2,4,104018,16,1,0.064459258
1,9,10,拇指外展,19,2,4,104018,16,2,0.103562608
1,9,10,拇指外展,19,2,4,104018,16,3,0.119164081
1,9,10,拇指外展,19,2,4,104018,16,4,0.135953785
1,9,10,拇指外展,19,2,4,104018,16,5,0.149014945
1,9,10,拇指外展,19,2,4,104018,16,6,0.158415833
1,9,10,拇指外展,19,2,4,104018,16,7,0.167896559
1,9,10,拇指外展,19,2,4,104018,16,8,0.178115780
1,9,10,拇指外展,19,2,4,104018,16,9,0.188866222
1,9,10,拇指外展,19,2,4,104018,16,10,0.197173855
1,10,11,拇指屈曲,20,1,1,109547,1,1,0.085193113
1,10,11,拇指屈曲,20,1,1,109547,1,2,0.104497063
1,10,11,拇指屈曲,20,1,1,109547,1,3,0.128298696
1,10,11,拇指屈曲,20,1,1,109547,1,4,0.148434340
1,10,11,拇指屈曲,20,1,1,109547,1,5,0.163231423
1,10,11,拇指屈曲,20,1,1,109547,1,6,0.176714532
1,10,11,拇指屈曲,20,1,1,109547,1,7,0.190285646
1,10,11,拇指屈曲,20,1,1,109547,2,1,0.061555472
1,10,11,拇指屈曲,20,1,1,109547,2,2,0.082241776
1,10,11,拇指屈曲,20,1,1,109547,2,3,0.098423838
1,10,11,拇指屈曲,20,1,1,109547,2,4,0.110496719
1,10,11,拇指屈曲,20,1,1,109547,2,5,0.119871534
1,10,11,拇指屈曲,20,1,1,109547,2,6,0.130097963
1,10,11,拇指屈曲,20,1,1,109547,2,7,0.142734968
1,10,11,拇指屈曲,20,1,1,109547,2,8,0.153624543
1,10,11,拇指屈曲,20,1,1,109547,2,9,0.162725218
1,10,11,拇指屈曲,20,1,1,109547,2,10,0.171557865
1,10,11,拇指屈曲,20,1,1,109547,2,11,0.180090150
1,10,11,拇指屈曲,20,1,1,109547,2,12,0.188408324
1,10,11,拇指屈曲,20,1,1,109547,2,13,0.196001389
1,10,11,拇指屈曲,20,1,1,109547,3,1,0.054323646
1,10,11,拇指屈曲,20,1,1,109547,3,2,0.080687073
1,10,11,拇指屈曲,20,1,1,109547,3,3,0.096071783
1,10,11,拇指屈曲,20,1,1,109547,3,4,0.107655228
1,10,11,拇指屈曲,20,1,1,109547,3,5,0.121761420
1,10,11,拇指屈曲,20,1,1,109547,3,6,0.135903636
1,10,11,拇指屈曲,20,1,1,109547,3,7,0.147960861
1,10,11,拇指屈曲,20,1,1,109547,3,8,0.161811312
1,10,11,拇指屈曲,20,1,1,109547,3,9,0.174117442
1,10,11,拇指屈曲,20,1,1,109547,3,10,0.186041702
1,10,11,拇指屈曲,20,1,1,109547,3,11,0.195779054
1,10,11,拇指屈曲,20,1,1,109547,4,1,0.054306962
1,10,11,拇指屈曲,20,1,1,109547,4,2,0.078624497
1,10,11,拇指屈曲,20,1,1,109547,4,3,0.092321161
1,10,11,拇指屈曲,20,1,1,109547,4,4,0.105522843
1,10,11,拇指屈曲,20,1,1,109547,4,5,0.116626208
1,10,11,拇指屈曲,20,1,1,109547,4,6,0.127086963
1,10,11,拇指屈曲,20,1,1,109547,4,7,0.137327327
1,10,11,拇指屈曲,20,1,1,109547,4,8,0.146907182
1,10,11,拇指屈曲,20,1,1,109547,4,9,0.157258561
1,10,11,拇指屈曲,20,1,1,109547,4,10,0.167910925
1,10,11,拇指屈曲,20,1,1,109547,4,11,0.177317950
1,10,11,拇指屈曲,20,1,1,109547,4,12,0.186662698
1,10,11,拇指屈曲,20,1,1,109547,4,13,0.193994592
1,10,11,拇指屈曲,20,1,1,109547,5,1,0.065926164
1,10,11,拇指屈曲,20,1,1,109547,5,2,0.109500953
1,10,11,拇指屈曲,20,1,1,109547,5,3,0.119518235
1,10,11,拇指屈曲,20,1,1,109547,5,4,0.129758863
1,10,11,拇指屈曲,20,1,1,109547,5,5,0.140268632
1,10,11,拇指屈曲,20,1,1,109547,5,6,0.152892256
1,10,11,拇指屈曲,20,1,1,109547,5,7,0.162709255
1,10,11,拇指屈曲,20,1,1,109547,5,8,0.174469587
1,10,11,拇指屈曲,20,1,1,109547,5,9,0.184256251
1,10,11,拇指屈曲,20,1,1,109547,5,10,0.196224127
1,10,11,拇指屈曲,20,1,1,109547,6,1,0.052741180
1,10,11,拇指屈曲,20,1,1,109547,6,2,0.097456418
1,10,11,拇指屈曲,20,1,1,109547,6,3,0.119167960
1,10,11,拇指屈曲,20,1,1,109547,6,4,0.132093847
1,10,11,拇指屈曲,20,1,1,109547,6,5,0.144887113
1,10,11,拇指屈曲,20,1,1,109547,6,6,0.157764695
1,10,11,拇指屈曲,20,1,1,109547,6,7,0.167622553
1,10,11,拇指屈曲,20,1,1,109547,6,8,0.176846779
1,10,11,拇指屈曲,20,1,1,109547,6,9,0.184980973
1,10,11,拇指屈曲,20,1,1,109547,6,10,0.192414890
1,10,11,拇指屈曲,20,1,1,109547,7,1,0.060542622
1,10,11,拇指屈曲,20,1,1,109547,7,2,0.078344200
1,10,11,拇指屈曲,20,1,1,109547,7,3,0.110191358
1,10,11,拇指屈曲,20,1,1,109547,7,4,0.122390124
1,10,11,拇指屈曲,20,1,1,109547,7,5,0.135288017
1,10,11,拇指屈曲,20,1,1,109547,7,6,0.153585409
1,10,11,拇指屈曲,20,1,1,109547,7,7,0.165337764
1,10,11,拇指屈曲,20,1,1,109547,7,8,0.176897820
1,10,11,拇指屈曲,20,1,1,109547,7,9,0.190637986
1,10,11,拇指屈曲,20,1,1,109547,8,1,0.076071097
1,10,11,拇指屈曲,20,1,1,109547,8,2,0.114333925
1,10,11,拇指屈曲,20,1,1,109547,8,3,0.138888620
1,10,11,拇指屈曲,20,1,1,109547,8,4,0.159730388
1,10,11,拇指屈曲,20,1,1,109547,8,5,0.183886944
1,10,11,拇指屈曲,20,1,1,109547,9,1,0.095974537
1,10,11,拇指屈曲,20,1,1,109547,9,2,0.116900605
1,10,11,拇指屈曲,20,1,1,109547,9,3,0.151454765
1,10,11,拇指屈曲,20,1,1,109547,9,4,0.167479256
1,10,11,拇指屈曲,20,1,1,109547,9,5,0.181311331
1,10,11,拇指屈曲,20,1,1,109547,9,6,0.190949634
1,10,11,拇指屈曲,20,1,1,109547,10,1,0.061998858
1,10,11,拇指屈曲,20,1,1,109547,10,2,0.085288961
1,10,11,拇指屈曲,20,1,1,109547,10,3,0.100054194
1,10,11,拇指屈曲,20,1,1,109547,10,4,0.113315197
1,10,11,拇指屈曲,20,1,1,109547,10,5,0.125921235
1,10,11,拇指屈曲,20,1,1,109547,10,6,0.138150007
1,10,11,拇指屈曲,20,1,1,109547,10,7,0.151469144
1,10,11,拇指屈曲,20,1,1,109547,10,8,0.166373646
1,10,11,拇指屈曲,20,1,1,109547,10,9,0.178094679
1,10,11,拇指屈曲,20,1,1,109547,10,10,0.189126680
1,10,11,拇指屈曲,20,1,1,109547,10,11,0.197651916
1,10,11,拇指屈曲,20,1,1,109547,11,1,0.056376500
1,10,11,拇指屈曲,20,1,1,109547,11,2,0.079761260
1,10,11,拇指屈曲,20,1,1,109547,11,3,0.094767528
1,10,11,拇指屈曲,20,1,1,109547,11,4,0.112761847
1,10,11,拇指屈曲,20,1,1,109547,11,5,0.126841131
1,10,11,拇指屈曲,20,1,1,109547,11,6,0.140556102
1,10,11,拇指屈曲,20,1,1,109547,11,7,0.155879034
1,10,11,拇指屈曲,20,1,1,109547,11,8,0.177995893
1,10,11,拇指屈曲,20,1,1,109547,11,9,0.187889269
1,10,11,拇指屈曲,20,1,1,109547,11,10,0.197167329
1,10,11,拇指屈曲,20,1,1,109547,12,1,0.047891483
1,10,11,拇指屈曲,20,1,1,109547,12,2,0.069419579
1,10,11,拇指屈曲,20,1,1,109547,12,3,0.084153127
1,10,11,拇指屈曲,20,1,1,109547,12,4,0.101072100
1,10,11,拇指屈曲,20,1,1,109547,12,5,0.118977713
1,10,11,拇指屈曲,20,1,1,109547,12,6,0.131741484
1,10,11,拇指屈曲,20,1,1,109547,12,7,0.141070493
1,10,11,拇指屈曲,20,1,1,109547,12,8,0.149025182
1,10,11,拇指屈曲,20,1,1,109547,12,9,0.157453994
1,10,11,拇指屈曲,20,1,1,109547,12,10,0.167376175
1,10,11,拇指屈曲,20,1,1,109547,12,11,0.179818972
1,10,11,拇指屈曲,20,1,1,109547,12,12,0.189343652
1,10,11,拇指屈曲,20,1,1,109547,12,13,0.197969027
1,10,11,拇指屈曲,20,1,1,109547,13,1,0.049704639
1,10,11,拇指屈曲,20,1,1,109547,13,2,0.074203036
1,10,11,拇指屈曲,20,1,1,109547,13,3,0.120984113
1,10,11,拇指屈曲,20,1,1,109547,13,4,0.134845463
1,10,11,拇指屈曲,20,1,1,109547,13,5,0.147175664
1,10,11,拇指屈曲,20,1,1,109547,13,6,0.157229328
1,10,11,拇指屈曲,20,1,1,109547,13,7,0.167947725
1,10,11,拇指屈曲,20,1,1,109547,13,8,0.179916006
1,10,11,拇指屈曲,20,1,1,109547,13,9,0.189725198
1,10,11,拇指屈曲,20,1,1,109547,14,1,0.042221927
1,10,11,拇指屈曲,20,1,1,109547,14,2,0.064027683
1,10,11,拇指屈曲,20,1,1,109547,14,3,0.080586283
1,10,11,拇指屈曲,20,1,1,109547,14,4,0.092378629
1,10,11,拇指屈曲,20,1,1,109547,14,5,0.103399360
1,10,11,拇指屈曲,20,1,1,109547,14,6,0.115223487
1,10,11,拇指屈曲,20,1,1,109547,14,7,0.126890181
1,10,11,拇指屈曲,20,1,1,109547,14,8,0.137314745
1,10,11,拇指屈曲,20,1,1,109547,14,9,0.146231229
1,10,11,拇指屈曲,20,1,1,109547,14,10,0.155570125
1,10,11,拇指屈曲,20,1,1,109547,14,11,0.166388536
1,10,11,拇指屈曲,20,1,1,109547,14,12,0.177606257
1,10,11,拇指屈曲,20,1,1,109547,14,13,0.186438415
1,10,11,拇指屈曲,20,1,1,109547,14,14,0.193550313
1,10,11,拇指屈曲,20,1,1,109547,15,1,0.049826042
1,10,11,拇指屈曲,20,1,1,109547,15,2,0.084861381
1,10,11,拇指屈曲,20,1,1,109547,15,3,0.099680397
1,10,11,拇指屈曲,20,1,1,109547,15,4,0.114843549
1,10,11,拇指屈曲,20,1,1,109547,15,5,0.132935887
1,10,11,拇指屈曲,20,1,1,109547,15,6,0.146531761
1,10,11,拇指屈曲,20,1,1,109547,15,7,0.155867701
1,10,11,拇指屈曲,20,1,1,109547,15,8,0.170328778
1,10,11,拇指屈曲,20,1,1,109547,15,9,0.183252319
1,10,11,拇指屈曲,20,1,1,109547,15,10,0.198456372
1,10,11,拇指屈曲,20,1,1,109547,16,1,0.058921716
1,10,11,拇指屈曲,20,1,1,109547,16,2,0.086800922
1,10,11,拇指屈曲,20,1,1,109547,16,3,0.115563039
1,10,11,拇指屈曲,20,1,1,109547,16,4,0.145094356
1,10,11,拇指屈曲,20,1,1,109547,16,5,0.159158902
1,10,11,拇指屈曲,20,1,1,109547,16,6,0.187204400
1,10,11,拇指屈曲,21,2,4,115074,1,1,0.111018836
1,10,11,拇指屈曲,21,2,4,115074,1,2,0.178426947
1,10,11,拇指屈曲,21,2,4,115074,2,1,0.058993621
1,10,11,拇指屈曲,21,2,4,115074,2,2,0.115388501
1,10,11,拇指屈曲,21,2,4,115074,2,3,0.129557735
1,10,11,拇指屈曲,21,2,4,115074,2,4,0.143907716
1,10,11,拇指屈曲,21,2,4,115074,2,5,0.158641130
1,10,11,拇指屈曲,21,2,4,115074,2,6,0.174826928
1,10,11,拇指屈曲,21,2,4,115074,2,7,0.188063916
1,10,11,拇指屈曲,21,2,4,115074,2,8,0.198177832
1,10,11,拇指屈曲,21,2,4,115074,3,1,0.061323118
1,10,11,拇指屈曲,21,2,4,115074,3,2,0.101977550
1,10,11,拇指屈曲,21,2,4,115074,3,3,0.125815815
1,10,11,拇指屈曲,21,2,4,115074,3,4,0.141037947
1,10,11,拇指屈曲,21,2,4,115074,3,5,0.154071547
1,10,11,拇指屈曲,21,2,4,115074,3,6,0.168898841
1,10,11,拇指屈曲,21,2,4,115074,3,7,0.180527567
1,10,11,拇指屈曲,21,2,4,115074,3,8,0.191616955
1,10,11,拇指屈曲,21,2,4,115074,4,1,0.053773421
1,10,11,拇指屈曲,21,2,4,115074,4,2,0.089852640
1,10,11,拇指屈曲,21,2,4,115074,4,3,0.117757072
1,10,11,拇指屈曲,21,2,4,115074,4,4,0.133106570
1,10,11,拇指屈曲,21,2,4,115074,4,5,0.146682986
1,10,11,拇指屈曲,21,2,4,115074,4,6,0.158082974
1,10,11,拇指屈曲,21,2,4,115074,4,7,0.167325257
1,10,11,拇指屈曲,21,2,4,115074,4,8,0.176528520
1,10,11,拇指屈曲,21,2,4,115074,4,9,0.188439376
1,10,11,拇指屈曲,21,2,4,115074,5,1,0.055033070
1,10,11,拇指屈曲,21,2,4,115074,5,2,0.074619017
1,10,11,拇指屈曲,21,2,4,115074,5,3,0.088245954
1,10,11,拇指屈曲,21,2,4,115074,5,4,0.101876878
1,10,11,拇指屈曲,21,2,4,115074,5,5,0.112555021
1,10,11,拇指屈曲,21,2,4,115074,5,6,0.122050637
1,10,11,拇指屈曲,21,2,4,115074,5,7,0.130464428
1,10,11,拇指屈曲,21,2,4,115074,5,8,0.138541593
1,10,11,拇指屈曲,21,2,4,115074,5,9,0.146400656
1,10,11,拇指屈曲,21,2,4,115074,5,10,0.155430803
1,10,11,拇指屈曲,21,2,4,115074,5,11,0.162949902
1,10,11,拇指屈曲,21,2,4,115074,5,12,0.170328289
1,10,11,拇指屈曲,21,2,4,115074,5,13,0.178798991
1,10,11,拇指屈曲,21,2,4,115074,5,14,0.186842563
1,10,11,拇指屈曲,21,2,4,115074,5,15,0.193914564
1,10,11,拇指屈曲,21,2,4,115074,6,1,0.055522613
1,10,11,拇指屈曲,21,2,4,115074,6,2,0.075201216
1,10,11,拇指屈曲,21,2,4,115074,6,3,0.085624475
1,10,11,拇指屈曲,21,2,4,115074,6,4,0.095540072
1,10,11,拇指屈曲,21,2,4,115074,6,5,0.104572508
1,10,11,拇指屈曲,21,2,4,115074,6,6,0.112945335
1,10,11,拇指屈曲,21,2,4,115074,6,7,0.121027993
1,10,11,拇指屈曲,21,2,4,115074,6,8,0.131917794
1,10,11,拇指屈曲,21,2,4,115074,6,9,0.141613536
1,10,11,拇指屈曲,21,2,4,115074,6,10,0.151072044
1,10,11,拇指屈曲,21,2,4,115074,6,11,0.159268868
1,10,11,拇指屈曲,21,2,4,115074,6,12,0.166462751
1,10,11,拇指屈曲,21,2,4,115074,6,13,0.173923512
1,10,11,拇指屈曲,21,2,4,115074,6,14,0.182799218
1,10,11,拇指屈曲,21,2,4,115074,6,15,0.190880939
1,10,11,拇指屈曲,21,2,4,115074,6,16,0.199644624
1,10,11,拇指屈曲,21,2,4,115074,7,1,0.068148415
1,10,11,拇指屈曲,21,2,4,115074,7,2,0.096545441
1,10,11,拇指屈曲,21,2,4,115074,7,3,0.113383547
1,10,11,拇指屈曲,21,2,4,115074,7,4,0.125054259
1,10,11,拇指屈曲,21,2,4,115074,7,5,0.137772214
1,10,11,拇指屈曲,21,2,4,115074,7,6,0.149865149
1,10,11,拇指屈曲,21,2,4,115074,7,7,0.166164667
1,10,11,拇指屈曲,21,2,4,115074,7,8,0.178902505
1,10,11,拇指屈曲,21,2,4,115074,7,9,0.194417393
1,10,11,拇指屈曲,21,2,4,115074,8,1,0.111782173
1,10,11,拇指屈曲,21,2,4,115074,8,2,0.134041807
1,10,11,拇指屈曲,21,2,4,115074,8,3,0.174907041
1,10,11,拇指屈曲,21,2,4,115074,8,4,0.191731811
1,10,11,拇指屈曲,21,2,4,115074,9,1,0.058252574
1,10,11,拇指屈曲,21,2,4,115074,9,2,0.124110193
1,10,11,拇指屈曲,21,2,4,115074,9,3,0.144604691
1,10,11,拇指屈曲,21,2,4,115074,9,4,0.170783637
1,10,11,拇指屈曲,21,2,4,115074,9,5,0.186657876
1,10,11,拇指屈曲,21,2,4,115074,9,6,0.193801924
1,10,11,拇指屈曲,21,2,4,115074,10,1,0.071751233
1,10,11,拇指屈曲,21,2,4,115074,10,2,0.114112551
1,10,11,拇指屈曲,21,2,4,115074,10,3,0.128277751
1,10,11,拇指屈曲,21,2,4,115074,10,4,0.157259805
1,10,11,拇指屈曲,21,2,4,115074,10,5,0.181321497
1,10,11,拇指屈曲,21,2,4,115074,10,6,0.194843117
1,10,11,拇指屈曲,21,2,4,115074,11,1,0.106004144
1,10,11,拇指屈曲,21,2,4,115074,11,2,0.136247351
1,10,11,拇指屈曲,21,2,4,115074,11,3,0.156592997
1,10,11,拇指屈曲,21,2,4,115074,11,4,0.177566381
1,10,11,拇指屈曲,21,2,4,115074,11,5,0.196838779
1,10,11,拇指屈曲,21,2,4,115074,12,1,0.061944706
1,10,11,拇指屈曲,21,2,4,115074,12,2,0.091499725
1,10,11,拇指屈曲,21,2,4,115074,12,3,0.109249175
1,10,11,拇指屈曲,21,2,4,115074,12,4,0.130428276
1,10,11,拇指屈曲,21,2,4,115074,12,5,0.143852525
1,10,11,拇指屈曲,21,2,4,115074,12,6,0.153461005
1,10,11,拇指屈曲,21,2,4,115074,12,7,0.163288666
1,10,11,拇指屈曲,21,2,4,115074,12,8,0.172464596
1,10,11,拇指屈曲,21,2,4,115074,12,9,0.181751834
1,10,11,拇指屈曲,21,2,4,115074,12,10,0.191003912
1,10,11,拇指屈曲,21,2,4,115074,12,11,0.199821542
1,10,11,拇指屈曲,21,2,4,115074,13,1,0.047248934
1,10,11,拇指屈曲,21,2,4,115074,13,2,0.074455182
1,10,11,拇指屈曲,21,2,4,115074,13,3,0.090689696
1,10,11,拇指屈曲,21,2,4,115074,13,4,0.101713362
1,10,11,拇指屈曲,21,2,4,115074,13,5,0.111867754
1,10,11,拇指屈曲,21,2,4,115074,13,6,0.123932828
1,10,11,拇指屈曲,21,2,4,115074,13,7,0.133679534
1,10,11,拇指屈曲,21,2,4,115074,13,8,0.141881705
1,10,11,拇指屈曲,21,2,4,115074,13,9,0.150292528
1,10,11,拇指屈曲,21,2,4,115074,13,10,0.160146169
1,10,11,拇指屈曲,21,2,4,115074,13,11,0.168520990
1,10,11,拇指屈曲,21,2,4,115074,13,12,0.175929780
1,10,11,拇指屈曲,21,2,4,115074,13,13,0.182618910
1,10,11,拇指屈曲,21,2,4,115074,13,14,0.190656137
1,10,11,拇指屈曲,21,2,4,115074,13,15,0.199235059
1,10,11,拇指屈曲,21,2,4,115074,14,1,0.069235533
1,10,11,拇指屈曲,21,2,4,115074,14,2,0.110646498
1,10,11,拇指屈曲,21,2,4,115074,14,3,0.124773829
1,10,11,拇指屈曲,21,2,4,115074,14,4,0.135328911
1,10,11,拇指屈曲,21,2,4,115074,14,5,0.147655509
1,10,11,拇指屈曲,21,2,4,115074,14,6,0.161972238
1,10,11,拇指屈曲,21,2,4,115074,14,7,0.178618827
1,10,11,拇指屈曲,21,2,4,115074,14,8,0.188982942
1,10,11,拇指屈曲,21,2,4,115074,15,1,0.071156827
1,10,11,拇指屈曲,21,2,4,115074,15,2,0.082626954
1,10,11,拇指屈曲,21,2,4,115074,15,3,0.114887211
1,10,11,拇指屈曲,21,2,4,115074,15,4,0.129208040
1,10,11,拇指屈曲,21,2,4,115074,15,5,0.142470841
1,10,11,拇指屈曲,21,2,4,115074,15,6,0.160561507
1,10,11,拇指屈曲,21,2,4,115074,15,7,0.178078442
1,10,11,拇指屈曲,21,2,4,115074,15,8,0.196785549
1,10,11,拇指屈曲,21,2,4,115074,16,1,0.077701271
1,10,11,拇指屈曲,21,2,4,115074,16,2,0.112753841
1,10,11,拇指屈曲,21,2,4,115074,16,3,0.156603975
1,10,11,拇指屈曲,21,2,4,115074,16,4,0.176101644
1,10,11,拇指屈曲,21,2,4,115074,16,5,0.197405184
1,11,12,拇指伸展,22,1,1,120664,1,1,0.044227110
1,11,12,拇指伸展,22,1,1,120664,1,2,0.065008172
1,11,12,拇指伸展,22,1,1,120664,1,3,0.080383884
1,11,12,拇指伸展,22,1,1,120664,1,4,0.093243359
1,11,12,拇指伸展,22,1,1,120664,1,5,0.105207214
1,11,12,拇指伸展,22,1,1,120664,1,6,0.114343196
1,11,12,拇指伸展,22,1,1,120664,1,7,0.122247711
1,11,12,拇指伸展,22,1,1,120664,1,8,0.129625570
1,11,12,拇指伸展,22,1,1,120664,1,9,0.138674021
1,11,12,拇指伸展,22,1,1,120664,1,10,0.148814761
1,11,12,拇指伸展,22,1,1,120664,1,11,0.157653028
1,11,12,拇指伸展,22,1,1,120664,1,12,0.166171356
1,11,12,拇指伸展,22,1,1,120664,1,13,0.175190121
1,11,12,拇指伸展,22,1,1,120664,1,14,0.182803195
1,11,12,拇指伸展,22,1,1,120664,1,15,0.189612580
1,11,12,拇指伸展,22,1,1,120664,1,16,0.196481357
1,11,12,拇指伸展,22,1,1,120664,2,1,0.043342292
1,11,12,拇指伸展,22,1,1,120664,2,2,0.069786900
1,11,12,拇指伸展,22,1,1,120664,2,3,0.081247342
1,11,12,拇指伸展,22,1,1,120664,2,4,0.090513676
1,11,12,拇指伸展,22,1,1,120664,2,5,0.098737043
1,11,12,拇指伸展,22,1,1,120664,2,6,0.106542333
1,11,12,拇指伸展,22,1,1,120664,2,7,0.113864438
1,11,12,拇指伸展,22,1,1,120664,2,8,0.123147445
1,11,12,拇指伸展,22,1,1,120664,2,9,0.132372388
1,11,12,拇指伸展,22,1,1,120664,2,10,0.140004233
1,11,12,拇指伸展,22,1,1,120664,2,11,0.146882593
1,11,12,拇指伸展,22,1,1,120664,2,12,0.153424276
1,11,12,拇指伸展,22,1,1,120664,2,13,0.159682135
1,11,12,拇指伸展,22,1,1,120664,2,14,0.167420091
1,11,12,拇指伸展,22,1,1,120664,2,15,0.175110687
1,11,12,拇指伸展,22,1,1,120664,2,16,0.181863361
1,11,12,拇指伸展,22,1,1,120664,2,17,0.188179215
1,11,12,拇指伸展,22,1,1,120664,2,18,0.194444798
1,11,12,拇指伸展,22,1,1,120664,3,1,0.050515848
1,11,12,拇指伸展,22,1,1,120664,3,2,0.074887995
1,11,12,拇指伸展,22,1,1,120664,3,3,0.087170830
1,11,12,拇指伸展,22,1,1,120664,3,4,0.097120312
1,11,12,拇指伸展,22,1,1,120664,3,5,0.106675389
1,11,12,拇指伸展,22,1,1,120664,3,6,0.118146330
1,11,12,拇指伸展,22,1,1,120664,3,7,0.129128191
1,11,12,拇指伸展,22,1,1,120664,3,8,0.138124507
1,11,12,拇指伸展,22,1,1,120664,3,9,0.146091484
1,11,12,拇指伸展,22,1,1,120664,3,10,0.153667754
1,11,12,拇指伸展,22,1,1,120664,3,11,0.162112326
1,11,12,拇指伸展,22,1,1,120664,3,12,0.170592785
1,11,12,拇指伸展,22,1,1,120664,3,13,0.178269216
1,11,12,拇指伸展,22,1,1,120664,3,14,0.185240982
1,11,12,拇指伸展,22,1,1,120664,3,15,0.192461836
1,11,12,拇指伸展,22,1,1,120664,4,1,0.052624784
1,11,12,拇指伸展,22,1,1,120664,4,2,0.071607069
1,11,12,拇指伸展,22,1,1,120664,4,3,0.083309113
1,11,12,拇指伸展,22,1,1,120664,4,4,0.094976246
1,11,12,拇指伸展,22,1,1,120664,4,5,0.108611708
1,11,12,拇指伸展,22,1,1,120664,4,6,0.119137248
1,11,12,拇指伸展,22,1,1,120664,4,7,0.131827357
1,11,12,拇指伸展,22,1,1,120664,4,8,0.143160314
1,11,12,拇指伸展,22,1,1,120664,4,9,0.152584692
1,11,12,拇指伸展,22,1,1,120664,4,10,0.162477072
1,11,12,拇指伸展,22,1,1,120664,4,11,0.171165708
1,11,12,拇指伸展,22,1,1,120664,4,12,0.179425194
1,11,12,拇指伸展,22,1,1,120664,4,13,0.187115118
1,11,12,拇指伸展,22,1,1,120664,4,14,0.194947809
1,11,12,拇指伸展,22,1,1,120664,5,1,0.049857467
1,11,12,拇指伸展,22,1,1,120664,5,2,0.073174320
1,11,12,拇指伸展,22,1,1,120664,5,3,0.085482931
1,11,12,拇指伸展,22,1,1,120664,5,4,0.095189599
1,11,12,拇指伸展,22,1,1,120664,5,5,0.103989701
1,11,12,拇指伸展,22,1,1,120664,5,6,0.111920585
1,11,12,拇指伸展,22,1,1,120664,5,7,0.121682805
1,11,12,拇指伸展,22,1,1,120664,5,8,0.131779501
1,11,12,拇指伸展,22,1,1,120664,5,9,0.140114840
1,11,12,拇指伸展,22,1,1,120664,5,10,0.147604635
1,11,12,拇指伸展,22,1,1,120664,5,11,0.155191177
1,11,12,拇指伸展,22,1,1,120664,5,12,0.164192833
1,11,12,拇指伸展,22,1,1,120664,5,13,0.172420535
1,11,12,拇指伸展,22,1,1,120664,5,14,0.179686304
1,11,12,拇指伸展,22,1,1,120664,5,15,0.186289072
1,11,12,拇指伸展,22,1,1,120664,5,16,0.192592234
1,11,12,拇指伸展,22,1,1,120664,5,17,0.198678240
1,11,12,拇指伸展,22,1,1,120664,6,1,0.044436790
1,11,12,拇指伸展,22,1,1,120664,6,2,0.072868897
1,11,12,拇指伸展,22,1,1,120664,6,3,0.084238259
1,11,12,拇指伸展,22,1,1,120664,6,4,0.093367572
1,11,12,拇指伸展,22,1,1,120664,6,5,0.101694678
1,11,12,拇指伸展,22,1,1,120664,6,6,0.109365210
1,11,12,拇指伸展,22,1,1,120664,6,7,0.116563874
1,11,12,拇指伸展,22,1,1,120664,6,8,0.123433405
1,11,12,拇指伸展,22,1,1,120664,6,9,0.130382316
1,11,12,拇指伸展,22,1,1,120664,6,10,0.137027847
1,11,12,拇指伸展,22,1,1,120664,6,11,0.143461610
1,11,12,拇指伸展,22,1,1,120664,6,12,0.149955596
1,11,12,拇指伸展,22,1,1,120664,6,13,0.156582738
1,11,12,拇指伸展,22,1,1,120664,6,14,0.162808159
1,11,12,拇指伸展,22,1,1,120664,6,15,0.170592317
1,11,12,拇指伸展,22,1,1,120664,6,16,0.178149388
1,11,12,拇指伸展,22,1,1,120664,6,17,0.184799046
1,11,12,拇指伸展,22,1,1,120664,6,18,0.191048373
1,11,12,拇指伸展,22,1,1,120664,6,19,0.196973522
1,11,12,拇指伸展,22,1,1,120664,7,1,0.043978885
1,11,12,拇指伸展,22,1,1,120664,7,2,0.059891095
1,11,12,拇指伸展,22,1,1,120664,7,3,0.071105696
1,11,12,拇指伸展,22,1,1,120664,7,4,0.081165853
1,11,12,拇指伸展,22,1,1,120664,7,5,0.092543675
1,11,12,拇指伸展,22,1,1,120664,7,6,0.103597027
1,11,12,拇指伸展,22,1,1,120664,7,7,0.112234070
1,11,12,拇指伸展,22,1,1,120664,7,8,0.119857720
1,11,12,拇指伸展,22,1,1,120664,7,9,0.126930830
1,11,12,拇指伸展,22,1,1,120664,7,10,0.135258856
1,11,12,拇指伸展,22,1,1,120664,7,11,0.144139350
1,11,12,拇指伸展,22,1,1,120664,7,12,0.152460038
1,11,12,拇指伸展,22,1,1,120664,7,13,0.160205784
1,11,12,拇指伸展,22,1,1,120664,7,14,0.169329292
1,11,12,拇指伸展,22,1,1,120664,7,15,0.177604559
1,11,12,拇指伸展,22,1,1,120664,7,16,0.184777483
1,11,12,拇指伸展,22,1,1,120664,7,17,0.191457194
1,11,12,拇指伸展,22,1,1,120664,7,18,0.197831917
1,11,12,拇指伸展,22,1,1,120664,8,1,0.063640780
1,11,12,拇指伸展,22,1,1,120664,8,2,0.098461068
1,11,12,拇指伸展,22,1,1,120664,8,3,0.119418011
1,11,12,拇指伸展,22,1,1,120664,8,4,0.137629208
1,11,12,拇指伸展,22,1,1,120664,8,5,0.152090642
1,11,12,拇指伸展,22,1,1,120664,8,6,0.166586038
1,11,12,拇指伸展,22,1,1,120664,8,7,0.182524561
1,11,12,拇指伸展,22,1,1,120664,8,8,0.191236983
1,11,12,拇指伸展,22,1,1,120664,8,9,0.199013213
1,11,12,拇指伸展,22,1,1,120664,9,1,0.045339899
1,11,12,拇指伸展,22,1,1,120664,9,2,0.066781865
1,11,12,拇指伸展,22,1,1,120664,9,3,0.082739409
1,11,12,拇指伸展,22,1,1,120664,9,4,0.093199357
1,11,12,拇指伸展,22,1,1,120664,9,5,0.101828993
1,11,12,拇指伸展,22,1,1,120664,9,6,0.109830955
1,11,12,拇指伸展,22,1,1,120664,9,7,0.117313893
1,11,12,拇指伸展,22,1,1,120664,9,8,0.124772457
1,11,12,拇指伸展,22,1,1,120664,9,9,0.134374320
1,11,12,拇指伸展,22,1,1,120664,9,10,0.142851698
1,11,12,拇指伸展,22,1,1,120664,9,11,0.150136508
1,11,12,拇指伸展,22,1,1,120664,9,12,0.156895759
1,11,12,拇指伸展,22,1,1,120664,9,13,0.164428146
1,11,12,拇指伸展,22,1,1,120664,9,14,0.172844379
1,11,12,拇指伸展,22,1,1,120664,9,15,0.180212305
1,11,12,拇指伸展,22,1,1,120664,9,16,0.187235957
1,11,12,拇指伸展,22,1,1,120664,9,17,0.193642139
1,11,12,拇指伸展,22,1,1,120664,9,18,0.199637620
1,11,12,拇指伸展,22,1,1,120664,10,1,0.044969759
1,11,12,拇指伸展,22,1,1,120664,10,2,0.062150426
1,11,12,拇指伸展,22,1,1,120664,10,3,0.073515439
1,11,12,拇指伸展,22,1,1,120664,10,4,0.083212622
1,11,12,拇指伸展,22,1,1,120664,10,5,0.094702302
1,11,12,拇指伸展,22,1,1,120664,10,6,0.105189799
1,11,12,拇指伸展,22,1,1,120664,10,7,0.113877856
1,11,12,拇指伸展,22,1,1,120664,10,8,0.121378083
1,11,12,拇指伸展,22,1,1,120664,10,9,0.128541353
1,11,12,拇指伸展,22,1,1,120664,10,10,0.137058909
1,11,12,拇指伸展,22,1,1,120664,10,11,0.146196991
1,11,12,拇指伸展,22,1,1,120664,10,12,0.155850861
1,11,12,拇指伸展,22,1,1,120664,10,13,0.164136566
1,11,12,拇指伸展,22,1,1,120664,10,14,0.171139373
1,11,12,拇指伸展,22,1,1,120664,10,15,0.177726128
1,11,12,拇指伸展,22,1,1,120664,10,16,0.184695702
1,11,12,拇指伸展,22,1,1,120664,10,17,0.191343391
1,11,12,拇指伸展,22,1,1,120664,10,18,0.197432675
1,11,12,拇指伸展,22,1,1,120664,11,1,0.061645377
1,11,12,拇指伸展,22,1,1,120664,11,2,0.093975599
1,11,12,拇指伸展,22,1,1,120664,11,3,0.113434653
1,11,12,拇指伸展,22,1,1,120664,11,4,0.125821450
1,11,12,拇指伸展,22,1,1,120664,11,5,0.136965587
1,11,12,拇指伸展,22,1,1,120664,11,6,0.158213315
1,11,12,拇指伸展,22,1,1,120664,11,7,0.169829649
1,11,12,拇指伸展,22,1,1,120664,11,8,0.181043412
1,11,12,拇指伸展,22,1,1,120664,11,9,0.192259739
1,11,12,拇指伸展,22,1,1,120664,12,1,0.049229589
1,11,12,拇指伸展,22,1,1,120664,12,2,0.086572467
1,11,12,拇指伸展,22,1,1,120664,12,3,0.103793152
1,11,12,拇指伸展,22,1,1,120664,12,4,0.116127713
1,11,12,拇指伸展,22,1,1,120664,12,5,0.126170089
1,11,12,拇指伸展,22,1,1,120664,12,6,0.135938726
1,11,12,拇指伸展,22,1,1,120664,12,7,0.145357139
1,11,12,拇指伸展,22,1,1,120664,12,8,0.156473787
1,11,12,拇指伸展,22,1,1,120664,12,9,0.166564650
1,11,12,拇指伸展,22,1,1,120664,12,10,0.174023089
1,11,12,拇指伸展,22,1,1,120664,12,11,0.182508923
1,11,12,拇指伸展,22,1,1,120664,12,12,0.192436183
1,11,12,拇指伸展,22,1,1,120664,13,1,0.044230660
1,11,12,拇指伸展,22,1,1,120664,13,2,0.070513097
1,11,12,拇指伸展,22,1,1,120664,13,3,0.092884395
1,11,12,拇指伸展,22,1,1,120664,13,4,0.103663478
1,11,12,拇指伸展,22,1,1,120664,13,5,0.112998275
1,11,12,拇指伸展,22,1,1,120664,13,6,0.124156111
1,11,12,拇指伸展,22,1,1,120664,13,7,0.134470376
1,11,12,拇指伸展,22,1,1,120664,13,8,0.143297306
1,11,12,拇指伸展,22,1,1,120664,13,9,0.151352558
1,11,12,拇指伸展,22,1,1,120664,13,10,0.159505448
1,11,12,拇指伸展,22,1,1,120664,13,11,0.168174171
1,11,12,拇指伸展,22,1,1,120664,13,12,0.175925290
1,11,12,拇指伸展,22,1,1,120664,13,13,0.183457440
1,11,12,拇指伸展,22,1,1,120664,13,14,0.190536152
1,11,12,拇指伸展,22,1,1,120664,13,15,0.199156899
1,11,12,拇指伸展,22,1,1,120664,14,1,0.045490436
1,11,12,拇指伸展,22,1,1,120664,14,2,0.063565292
1,11,12,拇指伸展,22,1,1,120664,14,3,0.075030875
1,11,12,拇指伸展,22,1,1,120664,14,4,0.084593200
1,11,12,拇指伸展,22,1,1,120664,14,5,0.093274823
1,11,12,拇指伸展,22,1,1,120664,14,6,0.101256072
1,11,12,拇指伸展,22,1,1,120664,14,7,0.108785051
1,11,12,拇指伸展,22,1,1,120664,14,8,0.115974960
1,11,12,拇指伸展,22,1,1,120664,14,9,0.122819746
1,11,12,拇指伸展,22,1,1,120664,14,10,0.129485315
1,11,12,拇指伸展,22,1,1,120664,14,11,0.136030772
1,11,12,拇指伸展,22,1,1,120664,14,12,0.142422066
1,11,12,拇指伸展,22,1,1,120664,14,13,0.148689913
1,11,12,拇指伸展,22,1,1,120664,14,14,0.154982710
1,11,12,拇指伸展,22,1,1,120664,14,15,0.161763155
1,11,12,拇指伸展,22,1,1,120664,14,16,0.169577989
1,11,12,拇指伸展,22,1,1,120664,14,17,0.176793057
1,11,12,拇指伸展,22,1,1,120664,14,18,0.183501078
1,11,12,拇指伸展,22,1,1,120664,14,19,0.189639740
1,11,12,拇指伸展,22,1,1,120664,14,20,0.195317016
1,11,12,拇指伸展,22,1,1,120664,15,1,0.047308806
1,11,12,拇指伸展,22,1,1,120664,15,2,0.065421405
1,11,12,拇指伸展,22,1,1,120664,15,3,0.077955199
1,11,12,拇指伸展,22,1,1,120664,15,4,0.088506192
1,11,12,拇指伸展,22,1,1,120664,15,5,0.098180528
1,11,12,拇指伸展,22,1,1,120664,15,6,0.107249472
1,11,12,拇指伸展,22,1,1,120664,15,7,0.116659631
1,11,12,拇指伸展,22,1,1,120664,15,8,0.126645997
1,11,12,拇指伸展,22,1,1,120664,15,9,0.134974543
1,11,12,拇指伸展,22,1,1,120664,15,10,0.142841133
1,11,12,拇指伸展,22,1,1,120664,15,11,0.149941616
1,11,12,拇指伸展,22,1,1,120664,15,12,0.156873838
1,11,12,拇指伸展,22,1,1,120664,15,13,0.164818353
1,11,12,拇指伸展,22,1,1,120664,15,14,0.173325488
1,11,12,拇指伸展,22,1,1,120664,15,15,0.180699694
1,11,12,拇指伸展,22,1,1,120664,15,16,0.187740058
1,11,12,拇指伸展,22,1,1,120664,15,17,0.196761657
1,11,12,拇指伸展,22,1,1,120664,16,1,0.049031336
1,11,12,拇指伸展,22,1,1,120664,16,2,0.082987355
1,11,12,拇指伸展,22,1,1,120664,16,3,0.097861040
1,11,12,拇指伸展,22,1,1,120664,16,4,0.108165675
1,11,12,拇指伸展,22,1,1,120664,16,5,0.118137060
1,11,12,拇指伸展,22,1,1,120664,16,6,0.129333929
1,11,12,拇指伸展,22,1,1,120664,16,7,0.139265041
1,11,12,拇指伸展,22,1,1,120664,16,8,0.148037346
1,11,12,拇指伸展,22,1,1,120664,16,9,0.158348014
1,11,12,拇指伸展,22,1,1,120664,16,10,0.167093526
1,11,12,拇指伸展,22,1,1,120664,16,11,0.175150914
1,11,12,拇指伸展,22,1,1,120664,16,12,0.183217042
1,11,12,拇指伸展,22,1,1,120664,16,13,0.191886462
1,11,12,拇指伸展,22,1,1,120664,16,14,0.199424433
1,11,12,拇指伸展,23,2,4,126031,1,1,0.061929734
1,11,12,拇指伸展,23,2,4,126031,1,2,0.092627052
1,11,12,拇指伸展,23,2,4,126031,1,3,0.109833694
1,11,12,拇指伸展,23,2,4,126031,1,4,0.126709820
1,11,12,拇指伸展,23,2,4,126031,1,5,0.139176002
1,11,12,拇指伸展,23,2,4,126031,1,6,0.153633787
1,11,12,拇指伸展,23,2,4,126031,1,7,0.166578842
1,11,12,拇指伸展,23,2,4,126031,1,8,0.177787832
1,11,12,拇指伸展,23,2,4,126031,1,9,0.187312145
1,11,12,拇指伸展,23,2,4,126031,1,10,0.196639027
1,11,12,拇指伸展,23,2,4,126031,2,1,0.068426667
1,11,12,拇指伸展,23,2,4,126031,2,2,0.092646016
1,11,12,拇指伸展,23,2,4,126031,2,3,0.112462857
1,11,12,拇指伸展,23,2,4,126031,2,4,0.127220392
1,11,12,拇指伸展,23,2,4,126031,2,5,0.139003772
1,11,12,拇指伸展,23,2,4,126031,2,6,0.150299726
1,11,12,拇指伸展,23,2,4,126031,2,7,0.160201404
1,11,12,拇指伸展,23,2,4,126031,2,8,0.169269385
1,11,12,拇指伸展,23,2,4,126031,2,9,0.180090422
1,11,12,拇指伸展,23,2,4,126031,2,10,0.189521009
1,11,12,拇指伸展,23,2,4,126031,2,11,0.197631979
1,11,12,拇指伸展,23,2,4,126031,3,1,0.066550467
1,11,12,拇指伸展,23,2,4,126031,3,2,0.104471931
1,11,12,拇指伸展,23,2,4,126031,3,3,0.129785869
1,11,12,拇指伸展,23,2,4,126031,3,4,0.147476233
1,11,12,拇指伸展,23,2,4,126031,3,5,0.163999210
1,11,12,拇指伸展,23,2,4,126031,3,6,0.181145067
1,11,12,拇指伸展,23,2,4,126031,3,7,0.192565989
1,11,12,拇指伸展,23,2,4,126031,4,1,0.068518066
1,11,12,拇指伸展,23,2,4,126031,4,2,0.092892734
1,11,12,拇指伸展,23,2,4,126031,4,3,0.105442438
1,11,12,拇指伸展,23,2,4,126031,4,4,0.117289680
1,11,12,拇指伸展,23,2,4,126031,4,5,0.128904151
1,11,12,拇指伸展,23,2,4,126031,4,6,0.139779104
1,11,12,拇指伸展,23,2,4,126031,4,7,0.149407112
1,11,12,拇指伸展,23,2,4,126031,4,8,0.159477685
1,11,12,拇指伸展,23,2,4,126031,4,9,0.169017238
1,11,12,拇指伸展,23,2,4,126031,4,10,0.179141233
1,11,12,拇指伸展,23,2,4,126031,4,11,0.188808740
1,11,12,拇指伸展,23,2,4,126031,4,12,0.197828350
1,11,12,拇指伸展,23,2,4,126031,5,1,0.054197965
1,11,12,拇指伸展,23,2,4,126031,5,2,0.078803430
1,11,12,拇指伸展,23,2,4,126031,5,3,0.093243523
1,11,12,拇指伸展,23,2,4,126031,5,4,0.105213659
1,11,12,拇指伸展,23,2,4,126031,5,5,0.114841484
1,11,12,拇指伸展,23,2,4,126031,5,6,0.123605660
1,11,12,拇指伸展,23,2,4,126031,5,7,0.132061488
1,11,12,拇指伸展,23,2,4,126031,5,8,0.142219726
1,11,12,拇指伸展,23,2,4,126031,5,9,0.151581984
1,11,12,拇指伸展,23,2,4,126031,5,10,0.159859030
1,11,12,拇指伸展,23,2,4,126031,5,11,0.167038195
1,11,12,拇指伸展,23,2,4,126031,5,12,0.173601742
1,11,12,拇指伸展,23,2,4,126031,5,13,0.179871101
1,11,12,拇指伸展,23,2,4,126031,5,14,0.186159554
1,11,12,拇指伸展,23,2,4,126031,5,15,0.192554959
1,11,12,拇指伸展,23,2,4,126031,5,16,0.198736947
1,11,12,拇指伸展,23,2,4,126031,6,1,0.044134207
1,11,12,拇指伸展,23,2,4,126031,6,2,0.060484171
1,11,12,拇指伸展,23,2,4,126031,6,3,0.072174217
1,11,12,拇指伸展,23,2,4,126031,6,4,0.084169416
1,11,12,拇指伸展,23,2,4,126031,6,5,0.095208059
1,11,12,拇指伸展,23,2,4,126031,6,6,0.104034436
1,11,12,拇指伸展,23,2,4,126031,6,7,0.112018380
1,11,12,拇指伸展,23,2,4,126031,6,8,0.119644831
1,11,12,拇指伸展,23,2,4,126031,6,9,0.126856839
1,11,12,拇指伸展,23,2,4,126031,6,10,0.134864917
1,11,12,拇指伸展,23,2,4,126031,6,11,0.144301797
1,11,12,拇指伸展,23,2,4,126031,6,12,0.152514561
1,11,12,拇指伸展,23,2,4,126031,6,13,0.159851148
1,11,12,拇指伸展,23,2,4,126031,6,14,0.166440661
1,11,12,拇指伸展,23,2,4,126031,6,15,0.172701676
1,11,12,拇指伸展,23,2,4,126031,6,16,0.178806643
1,11,12,拇指伸展,23,2,4,126031,6,17,0.184837320
1,11,12,拇指伸展,23,2,4,126031,6,18,0.190856339
1,11,12,拇指伸展,23,2,4,126031,6,19,0.196801839
1,11,12,拇指伸展,23,2,4,126031,7,1,0.046801181
1,11,12,拇指伸展,23,2,4,126031,7,2,0.080792164
1,11,12,拇指伸展,23,2,4,126031,7,3,0.095161575
1,11,12,拇指伸展,23,2,4,126031,7,4,0.106208658
1,11,12,拇指伸展,23,2,4,126031,7,5,0.115148227
1,11,12,拇指伸展,23,2,4,126031,7,6,0.123962739
1,11,12,拇指伸展,23,2,4,126031,7,7,0.133034797
1,11,12,拇指伸展,23,2,4,126031,7,8,0.143656732
1,11,12,拇指伸展,23,2,4,126031,7,9,0.152868769
1,11,12,拇指伸展,23,2,4,126031,7,10,0.160399598
1,11,12,拇指伸展,23,2,4,126031,7,11,0.168734294
1,11,12,拇指伸展,23,2,4,126031,7,12,0.178035885
1,11,12,拇指伸展,23,2,4,126031,7,13,0.186524539
1,11,12,拇指伸展,23,2,4,126031,7,14,0.194426016
1,11,12,拇指伸展,23,2,4,126031,8,1,0.084624928
1,11,12,拇指伸展,23,2,4,126031,8,2,0.133491612
1,11,12,拇指伸展,23,2,4,126031,8,3,0.171443294
1,11,12,拇指伸展,23,2,4,126031,9,1,0.051631719
1,11,12,拇指伸展,23,2,4,126031,9,2,0.076614433
1,11,12,拇指伸展,23,2,4,126031,9,3,0.091080455
1,11,12,拇指伸展,23,2,4,126031,9,4,0.102483441
1,11,12,拇指伸展,23,2,4,126031,9,5,0.114079954
1,11,12,拇指伸展,23,2,4,126031,9,6,0.123942987
1,11,12,拇指伸展,23,2,4,126031,9,7,0.134225770
1,11,12,拇指伸展,23,2,4,126031,9,8,0.143000953
1,11,12,拇指伸展,23,2,4,126031,9,9,0.151499413
1,11,12,拇指伸展,23,2,4,126031,9,10,0.159391371
1,11,12,拇指伸展,23,2,4,126031,9,11,0.168958077
1,11,12,拇指伸展,23,2,4,126031,9,12,0.178228265
1,11,12,拇指伸展,23,2,4,126031,9,13,0.187006451
1,11,12,拇指伸展,23,2,4,126031,9,14,0.196345754
1,11,12,拇指伸展,23,2,4,126031,10,1,0.055197106
1,11,12,拇指伸展,23,2,4,126031,10,2,0.088632426
1,11,12,拇指伸展,23,2,4,126031,10,3,0.105014551
1,11,12,拇指伸展,23,2,4,126031,10,4,0.128847707
1,11,12,拇指伸展,23,2,4,126031,10,5,0.159205880
1,11,12,拇指伸展,23,2,4,126031,10,6,0.180805161
1,11,12,拇指伸展,23,2,4,126031,10,7,0.192002987
1,11,12,拇指伸展,23,2,4,126031,11,1,0.073974161
1,11,12,拇指伸展,23,2,4,126031,11,2,0.114309562
1,11,12,拇指伸展,23,2,4,126031,11,3,0.163608892
1,11,12,拇指伸展,23,2,4,126031,11,4,0.193156603
1,11,12,拇指伸展,23,2,4,126031,12,1,0.085968356
1,11,12,拇指伸展,23,2,4,126031,12,2,0.102799142
1,11,12,拇指伸展,23,2,4,126031,12,3,0.116985851
1,11,12,拇指伸展,23,2,4,126031,12,4,0.128949652
1,11,12,拇指伸展,23,2,4,126031,12,5,0.141804241
1,11,12,拇指伸展,23,2,4,126031,12,6,0.158279966
1,11,12,拇指伸展,23,2,4,126031,12,7,0.170556765
1,11,12,拇指伸展,23,2,4,126031,12,8,0.185841985
1,11,12,拇指伸展,23,2,4,126031,13,1,0.051876127
1,11,12,拇指伸展,23,2,4,126031,13,2,0.072076685
1,11,12,拇指伸展,23,2,4,126031,13,3,0.085477721
1,11,12,拇指伸展,23,2,4,126031,13,4,0.098571652
1,11,12,拇指伸展,23,2,4,126031,13,5,0.108046315
1,11,12,拇指伸展,23,2,4,126031,13,6,0.117167459
1,11,12,拇指伸展,23,2,4,126031,13,7,0.125375123
1,11,12,拇指伸展,23,2,4,126031,13,8,0.134153013
1,11,12,拇指伸展,23,2,4,126031,13,9,0.143411056
1,11,12,拇指伸展,23,2,4,126031,13,10,0.151565527
1,11,12,拇指伸展,23,2,4,126031,13,11,0.158982848
1,11,12,拇指伸展,23,2,4,126031,13,12,0.166460580
1,11,12,拇指伸展,23,2,4,126031,13,13,0.175248678
1,11,12,拇指伸展,23,2,4,126031,13,14,0.183207104
1,11,12,拇指伸展,23,2,4,126031,13,15,0.190522491
1,11,12,拇指伸展,23,2,4,126031,13,16,0.199411697
1,11,12,拇指伸展,23,2,4,126031,14,1,0.044947408
1,11,12,拇指伸展,23,2,4,126031,14,2,0.065428140
1,11,12,拇指伸展,23,2,4,126031,14,3,0.079551103
1,11,12,拇指伸展,23,2,4,126031,14,4,0.089667420
1,11,12,拇指伸展,23,2,4,126031,14,5,0.100229381
1,11,12,拇指伸展,23,2,4,126031,14,6,0.112504056
1,11,12,拇指伸展,23,2,4,126031,14,7,0.122750954
1,11,12,拇指伸展,23,2,4,126031,14,8,0.131049889
1,11,12,拇指伸展,23,2,4,126031,14,9,0.141228638
1,11,12,拇指伸展,23,2,4,126031,14,10,0.150292564
1,11,12,拇指伸展,23,2,4,126031,14,11,0.157784548
1,11,12,拇指伸展,23,2,4,126031,14,12,0.164528951
1,11,12,拇指伸展,23,2,4,126031,14,13,0.170858115
1,11,12,拇指伸展,23,2,4,126031,14,14,0.176950128
1,11,12,拇指伸展,23,2,4,126031,14,15,0.183297860
1,11,12,拇指伸展,23,2,4,126031,14,16,0.189621152
1,11,12,拇指伸展,23,2,4,126031,14,17,0.197499491
1,11,12,拇指伸展,23,2,4,126031,15,1,0.064623333
1,11,12,拇指伸展,23,2,4,126031,15,2,0.087317601
1,11,12,拇指伸展,23,2,4,126031,15,3,0.104467973
1,11,12,拇指伸展,23,2,4,126031,15,4,0.116411772
1,11,12,拇指伸展,23,2,4,126031,15,5,0.126560317
1,11,12,拇指伸展,23,2,4,126031,15,6,0.136944321
1,11,12,拇指伸展,23,2,4,126031,15,7,0.146715300
1,11,12,拇指伸展,23,2,4,126031,15,8,0.155433199
1,11,12,拇指伸展,23,2,4,126031,15,9,0.164985342
1,11,12,拇指伸展,23,2,4,126031,15,10,0.174010219
1,11,12,拇指伸展,23,2,4,126031,15,11,0.185971627
1,11,12,拇指伸展,23,2,4,126031,15,12,0.196674053
1,11,12,拇指伸展,23,2,4,126031,16,1,0.055489646
1,11,12,拇指伸展,23,2,4,126031,16,2,0.090565082
1,11,12,拇指伸展,23,2,4,126031,16,3,0.105555334
1,11,12,拇指伸展,23,2,4,126031,16,4,0.122516453
1,11,12,拇指伸展,23,2,4,126031,16,5,0.140942090
1,11,12,拇指伸展,23,2,4,126031,16,6,0.154602568
1,11,12,拇指伸展,23,2,4,126031,16,7,0.163881915
1,11,12,拇指伸展,23,2,4,126031,16,8,0.172998775
1,11,12,拇指伸展,23,2,4,126031,16,9,0.188561224
